video_id,channel_name,title,published_at,view_count,like_count,comment_count,duration,duration_seconds,category_id
P8E5nhLHY8g,Imponderabilia,Jak ratowanie zwierząt trzyma ich przy życiu? Wojciech Tochman,2026-05-28T17:00:31Z,4271,156,15,PT2H5M55S,7555,22
8EPYi2IFDaM,Imponderabilia,"Nie powiedziałbym na 100%, że śmierć jest końcem. Tomasz Stawiszyński",2026-05-25T16:57:52Z,19504,458,61,PT2H53M25S,10405,22
swzOB1f6vf4,Imponderabilia,"Paulina Mikuła: Karolu, bardzo cię lubię, nawet gdy jesteś dla mnie chamski",2026-05-21T17:57:33Z,60687,1114,360,PT2H51M50S,10310,22
7a6ey5RSREU,Imponderabilia,To nie mogłoby się wydarzyć bez polskiego trotylu. Ewa Jasiewicz [Global Sumud Flotilla],2026-05-19T16:59:30Z,7180,319,73,PT1H24M47S,5087,27
H7cEcD_VPAQ,Imponderabilia,Iwo Baraniewski - rekord UFC: 117 sekund i dwa nokauty. Dogoni legendę Jana Błachowicza?,2026-05-17T16:49:45Z,18626,593,59,PT1H21M,4860,17
uTBJ08kkEzE,Imponderabilia,Szczera Grażyna Torbicka opowiada swoją historię | Imponderabilia,2026-05-10T17:44:19Z,75335,2093,165,PT1H10M48S,4248,22
x0eAbV2lhv0,Imponderabilia,"Dyskryminacja mężczyzn | Debata, którą trzeba rozpocząć. Michał Gulczyński",2026-05-07T16:33:31Z,25226,636,850,PT1H51M36S,6696,22
zzeR6DqKGZg,Imponderabilia,"Ekspert ds. etykiety tłumaczy zasady, które każdy powinien znać! Wojciech S. Wocław",2026-04-29T17:27:31Z,77874,1844,240,PT2H4M28S,7468,27
LiVZ1xopWmw,Imponderabilia,"""Byłam zakochana w innym, gdy wychodziłam za mąż"" - pisały kobiety w pamiętnikach. Antonina Tosiek",2026-04-27T15:26:47Z,61313,1599,227,PT2H29M45S,8985,22
t1qfHwTq30o,Imponderabilia,"Marcin Meller: Kanał Zero, szkoła w Afryce, Karol Nawrocki, ataki paniki, Etiopia",2026-04-23T17:27:47Z,49402,1010,113,PT2H28M33S,8913,22
tQmhC8YeWKk,Imponderabilia,"Nauka kontra ideologia, pieniądze, władza i religia. Tomasz Rożek",2026-04-19T17:43:57Z,136156,3257,265,PT1H59M18S,7158,22
OwXbGVHVbk4,Imponderabilia,"Muszę sobie tak życie ułożyć, żeby zasłużyć na szacunek wnuków. Wojciech Waglewski",2026-04-16T17:33:36Z,28923,756,57,PT1H33M48S,5628,22
-TErlm5-Ows,Imponderabilia,Mam 65 lat i patrzę tylko do przodu. Dorota Wellman,2026-04-12T17:50:37Z,227405,5735,467,PT2H4M43S,7483,22
eaVod8CVTPs,Imponderabilia,Przez dwa dni nie byłem w stanie podejść do córki bez płaczu. Rau Performance,2026-04-09T16:40:21Z,33174,714,70,PT2H5M4S,7504,22
pg4Z-_N0Zvc,Imponderabilia,"Najpierw przeprosisz moją mamę, a potem to ja mogę o tobie już nigdy nie wspomnieć. Antoni Orłoś",2026-04-06T17:00:00Z,132864,3199,397,PT2H43M35S,9815,22
FxmQjPDQz9Q,Imponderabilia,Najlepszy gitarzysta wszech czasów rodzi się na naszych oczach? Marcin Patrzałek,2026-04-02T16:58:04Z,174873,4651,685,PT1H40M,6000,22
V_9vvfeCnGo,Imponderabilia,"Zdrada, śmierć, bezgraniczna miłość i powrót Judyty. Katarzyna Grochola",2026-03-29T16:53:16Z,65094,2079,218,PT1H43M53S,6233,22
_ABxjzs1xbo,Imponderabilia,Nikt nie jest cały czas szczęśliwy. Marta Kożuchowska @o_oezu,2026-03-26T17:34:47Z,82542,1794,209,PT2H4M22S,7462,22
FaGeCZDNmB0,Imponderabilia,Niebezpieczna gra Putina z historią. Jak kłamie Rosja? Dr Bartłomiej Gajos,2026-03-22T17:54:06Z,42623,1041,113,PT2H24M10S,8650,22
KmTOjw3MuSU,Imponderabilia,Bezwzględnie szczery Łukasz Simlat: mam dość walenia polską pałką po głowie,2026-03-19T18:00:00Z,59555,1447,131,PT1H23M5S,4985,22
jD0uWQSwBOk,Imponderabilia,Pułapki psychoterapii. Kama Wojtkiewicz | Imponderabilia,2026-03-15T18:00:00Z,61349,1215,161,PT2H13M4S,7984,22
i28tDZ5hwcE,Imponderabilia,Zrobi większą karierę za granicą niż w Polsce? Anna Próchniak | Imponderabilia,2026-03-12T18:00:06Z,18348,286,23,PT2H59M23S,10763,22
-N8wS2AD24E,Imponderabilia,Dariusz Szpakowski: najlepsze momenty kariery i wzruszające wspomnienia | Imponderabilia,2026-03-08T18:00:07Z,64169,1587,133,PT1H47M48S,6468,22
2uUJN0Ks3FY,Imponderabilia,"Muniek Staszczyk szczerze o Bogu, śmierci, zdradach i alkoholu | Imponderabilia",2026-03-01T18:00:07Z,19738,418,76,PT1H32M48S,5568,22
K-NO6_DX20s,Imponderabilia,"Niesamowite metody polskiego kontrwywiadu, który przechytrzył CIA. Tomasz Awłasewicz  Imponderabilia",2026-02-26T18:00:07Z,123486,1678,106,PT1H35M23S,5723,22
bKb0KE2S0XI,Imponderabilia,Paweł Paczul: czy pogodził się z Michniewiczem? Prawda o Stanowskim i Kubie Midelu | Imponderabilia,2026-02-22T18:00:07Z,150438,3362,518,PT1H41M2S,6062,22
YIa4Vfe9KtQ,Imponderabilia,Stworzył okładkę 'Latarnie wszędzie dawno zgasły' Taco Hemingwaya. Mateusz Holak | Imponderabilia,2026-02-19T18:00:07Z,19834,397,59,PT2H3M,7380,22
EyCK57x5TGE,Imponderabilia,OSTATNI taki WYWIAD | Kwiat Jabłoni - Przesilenie i wielki finał | Imponderabilia,2026-02-15T18:00:07Z,69208,1458,84,PT2H5M39S,7539,22
xEJZTuUmumI,Imponderabilia,Fukaj: jedyny taki wywiad | Imponderabilia,2026-02-12T18:00:07Z,28662,1021,33,PT1H39M35S,5975,22
SjCKDblhtrE,Imponderabilia,Szczera Joanna Kulig opowiada swoją historię | Imponderabilia,2026-02-08T18:00:07Z,326755,6833,532,PT1H36M25S,5785,22
Zr2Y7WEIr9M,Imponderabilia,"Norbi. Przegrałem siedem milionów, a może więcej, ale wygrałem życie | Imponderabilia",2026-02-05T18:00:07Z,55094,1046,131,PT1H34M19S,5659,22
N0n99VMJgoM,Imponderabilia,"Psychowashing: Ustawienia rodzinne, szarlatani, pseudobiologia, sekty| Oktawia Kromer Imponderabilia",2026-02-01T18:00:07Z,99936,2031,902,PT1H44M18S,6258,22
3325RNVCBhw,Imponderabilia,Kulisy pracy ratownika medycznego bez cenzury. Jan Świtała | Imponderabilia,2026-01-29T18:00:07Z,93566,2130,137,PT2H11M5S,7865,22
KtoX9-CzgCw,Imponderabilia,"Livka: latarnie wszędzie dawno zgasły, bo na niebie świeci nowa gwiazda | Imponderabilia",2026-01-25T18:00:07Z,87717,2537,191,PT2H18M54S,8334,22
uUnqOMZ_L-0,Imponderabilia,"Skoro dałem radę z ojcem, to dam sobie radę też z innymi tematami. Jan Holoubek | Imponderabilia",2026-01-21T18:00:07Z,74012,1987,148,PT1H18M1S,4681,22
lwFx9vtwbMQ,Imponderabilia,Tomasz Kot jakiego nie znacie | Imponderabilia,2026-01-18T17:00:07Z,169532,3728,175,PT2H22M6S,8526,22
n48h0tMOMdg,Imponderabilia,Imponderabilia dla WOŚP,2026-01-15T08:44:02Z,12481,750,98,PT4M56S,296,22
GGkVkfOO9fw,Imponderabilia,"Bożena Walter: cieszę się, że mam blisko na cmentarz, gdzie leży mój mąż | Imponderabilia",2026-01-11T18:00:07Z,36958,952,161,PT1H45S,3645,22
daNNHnQOPR0,Imponderabilia,Helena Englert: już nie piję i nie imprezuję. Czyje są kanapki z hajsem? | Imponderabilia,2026-01-06T18:00:07Z,111180,1860,386,PT2H21M18S,8478,22
EwvcS_nxrmo,Imponderabilia,"Człowiek Warga: Kanał Zero, Bracia Kamraci, Friz, Budda, Gonciarz, Wojewódzki | Imponderabilia",2025-12-30T18:00:07Z,108201,1780,485,PT2H41M5S,9665,22
MO8VdvvqIFM,Imponderabilia,"OjWojtek - szczery wywiad [Korea, Patec, przemiana, OWG, Latwogang, loteria książka]  Imponderabilia",2025-12-18T18:00:07Z,204384,3541,122,PT2H33M21S,9201,22
ypaWNKeiPPY,Imponderabilia,"Viki Gabor - szczery wywiad: hejt, spektrum uczuć, Malik Montana i przyszłość | Imponderabilia",2025-12-07T18:01:28Z,42474,725,114,PT1H13M55S,4435,22
Z1vYeM64QMU,Imponderabilia,Marcin Masecki: moim wehikułem jest MIŁOŚĆ | Imponderabilia,2025-12-04T18:10:37Z,14378,370,28,PT1H20M45S,4845,22
wqqFVInlUF0,Imponderabilia,Osiągnąłem dużo więcej niż powinienem - Grzegorz Krychowiak,2025-12-01T15:19:16Z,36027,687,96,PT1H21M7S,4867,22
kxsJi3QFPrQ,Imponderabilia,Jakub Wiech: dlaczego Polska potrzebuje elektrowni jądrowej?,2025-11-24T18:01:04Z,45979,1212,308,PT1H34M10S,5650,22
MWeoDQQQFIA,Imponderabilia,Andrzej Gryżewski: zaburzenia erekcji poprzedzają nadchodzący zawał,2025-11-23T19:00:07Z,78966,1943,111,PT1H59M36S,7176,22
VW58wT8VIiU,Imponderabilia,"Piotrek Szumowski, Filip Puzyr, Dominik Kalbarczyk, stand up, nowy program Wagabunda  Imponderabilia",2025-11-16T18:33:06Z,64860,1384,132,PT2H4M20S,7460,22
TrOMba2tYA8,Imponderabilia,Czekamy 10 lat na diagnozę. ENDOMETRIOZA - co to jest? Karolina Wigura | Imponderabilia,2025-11-09T18:00:34Z,13863,437,49,PT1H50M45S,6645,22
YacrKnUTgiI,Imponderabilia,Imponderabilia: wywiad z samym sobą,2025-11-02T18:00:07Z,89823,2011,169,PT2H2M27S,7347,22
nqmvSaX6Ijg,Imponderabilia,Wszystkie twarze i tajemnice Donalda Tuska ujawnia Kamil Dziubka,2025-10-26T18:00:07Z,120413,2165,408,PT2H45M11S,9911,22
8-63Q6O5Zss,Imponderabilia,"Marcin Prokop: niezwykła historia rodzinna, Niezwykłe Stany Prokopa, sens życia | Imponderabilia",2025-10-19T17:00:07Z,229618,4347,297,PT2H22M40S,8560,22
x2QmphWM46c,Imponderabilia,"Grzegorz Turnau: szczery wywiad o życiu, przemijaniu i świadomości bycia potrzebnym | Imponderabilia",2025-10-12T17:01:15Z,73542,1995,148,PT1H27M37S,5257,22
nX0F-uZ2U7g,Imponderabilia,"Depresja u mężczyzn: objawy, jak radzić sobie z emocjami, uzależnienia Michał Pozdał  Imponderabilia",2025-10-09T17:01:10Z,86303,2628,244,PT2H4M,7440,22
Ct8i-duLiKQ,Imponderabilia,Najlepszy polski profiler kryminalny: Jan Gołębiowski,2025-10-05T17:00:16Z,88046,2304,202,PT56M4S,3364,22
ABedqXrDyiQ,Imponderabilia,Maciej Orłoś: dlaczego Karol Nawrocki unika TVP?,2025-09-28T17:00:22Z,68582,1485,294,PT1H46M11S,6371,22
Ue7ZWwkZpR4,Imponderabilia,"Spiskowa historia USA: Trump, Epstein, zamach na JFK, QAnon - Piotr Tarczyński [Podcast Amerykański]",2025-09-21T16:46:53Z,121158,2084,288,PT1H53M29S,6809,22
3jUKoKIfoEA,Imponderabilia,"Michał Sikorski. Wywiad o 1670, kulisy planu, droga do kariery | Imponderabilia",2025-09-18T16:50:00Z,184703,4182,361,PT2H10M49S,7849,22
_sDGC5oCSHM,Imponderabilia,WaluśKraksaKryzys kontra reszta świata,2025-09-14T17:00:43Z,14784,341,27,PT2H17M38S,8258,22
UFS5JgC69wQ,Imponderabilia,"Tomasz Terlikowski: grzechy kościoła, papież Leon XIV, co daje wiara?",2025-09-07T17:00:45Z,165231,3742,641,PT2H21M26S,8486,22
9CFnBseXqj4,Imponderabilia,"TEORIE SPISKOWE: płaska ziemia, szczepionki, promieniowanie 5g, foliarze - Mirosław Wlekły",2025-09-04T17:00:12Z,75890,1663,588,PT1H27M58S,5278,22
BM4aoJ4RKHg,Imponderabilia,"Magdalena Lamparska: chcę, by kobiety umiały o siebie zawalczyć",2025-08-31T17:00:21Z,23687,484,51,PT2H5M44S,7544,22
E_uMM5i53GI,Imponderabilia,Ciało może powiedzieć więcej niż trzy strony dialogu. Marta Nieradkiewicz,2025-08-18T16:52:02Z,44886,668,57,PT1H57M22S,7042,22
pj9PZsRNQv4,Imponderabilia,"Karol Modzelewski: Newsy Bez Wirusa, Karol Nawrocki, wybory 2025, czy politycy nas rozgrywają?",2025-08-03T16:53:53Z,265031,6567,727,PT1H52M55S,6775,22
rXR6bH786Lw,Imponderabilia,"""Powinienem wisieć"" umysł przestępcy skazanego na dożywocie. Zbyszek Nowak",2025-07-27T17:22:04Z,84340,1542,125,PT1H43M13S,6193,22
OUAZujNAlig,Imponderabilia,Drama w Tańcu z Gwiazdami,2025-07-25T15:12:01Z,28342,335,7,PT2M16S,136,22
wkYqSZBZa-c,Imponderabilia,"Polak w OpenAI: przyszłość AI, GPT5, etyka AI i zagrożenia sztucznej inteligencji. Aleksander Mądry",2025-07-20T17:03:06Z,141725,2399,311,PT2H24M14S,8654,22
pIST5qhQWU8,Imponderabilia,Dziennikarskie śledztwo potwierdza: Elon Musk i big techy rządzą Polską i światem. Sylwia Czubkowska,2025-07-13T17:01:03Z,73818,1353,232,PT2H18M12S,8292,28
4JFSV_1KRfo,Imponderabilia,Stanisław Soyka: dostałem wszystko i jeszcze więcej,2025-07-06T17:00:08Z,299783,8446,571,PT1H21M28S,4888,22
t4isTWVxyug,Imponderabilia,Szczerze o ćpaniu i odwyku. Jakub Żulczyk i Juliusz Strachota [Co ćpać po odwyku],2025-07-03T17:01:17Z,59850,1147,81,PT1H46M40S,6400,22
fq9QqywAmvA,Imponderabilia,W AUSCHWITZ ZGINĘLI JEGO DZIADKOWIE,2025-06-30T05:49:09Z,5358,109,7,PT2M14S,134,22
jcr19LaSaKc,Imponderabilia,"Gábor Maté: trauma, uzależnienie - jak sobie radzić i jak z tego wyjść?",2025-06-29T17:02:30Z,114268,4695,397,PT58M17S,3497,22
G7CaC1wjPGQ,Imponderabilia,"Michał Pańszczyk: Sanah, Steczkowska, Doda, Szpak i inni - jak stworzyć wizerunek gwiazdy?",2025-06-22T17:00:30Z,81862,1879,343,PT2H32M37S,9157,22
1Xo90a5Qgnw,Imponderabilia,"Natasza Urbańska. Jak się podnieść po ""Rolowaniu""?",2025-06-15T17:00:03Z,120798,1870,453,PT1H41M58S,6118,22
fXmwbGnytSM,Imponderabilia,Czym jest przedsiębiorczość i czy można się jej nauczyć? dr Jacek Wasilewski,2025-06-08T16:58:52Z,16284,388,30,PT1H48M6S,6486,22
NCQHAoXEfDU,Imponderabilia,Vincent V. Severski. Spowiedź szpiega,2025-06-03T17:00:26Z,76634,1771,148,PT1H10M18S,4218,22
tMHHfapMxBA,Imponderabilia,Sokół. Czy chciałby zmienić przeszłość?,2025-05-29T17:01:14Z,221111,3730,607,PT1H34M59S,5699,22
YpG2AGjrzCw,Imponderabilia,"Jak on może zagrać papieża? Przecież on truje ludzi! Piotr Adamczyk, wywiad | Imponderabilia",2025-05-25T18:00:28Z,61233,1381,97,PT1H29M35S,5375,22
-BTXI_n-d6I,Imponderabilia,"Patologie w teatrze: mobbing, molestowanie, fuksówki i przemoc. Iga Dzieciuchowicz | Imponderabilia",2025-05-20T17:00:00Z,32625,721,85,PT1H39M17S,5957,22
87wSBz_JafQ,Imponderabilia,"Piotr Witkowski: Idź przodem, bracie, jaki jest Jason Statham? Czy tęskni za Chadą? | Imponderabilia",2025-05-15T17:00:10Z,31568,621,49,PT1H22M20S,4940,22
9sNVS6DZ_58,Imponderabilia,"Wybory 2025: PiS kontra PO, strach o suwerenność i polska polityka Jarosław Kuisz | Imponderabilia",2025-05-12T16:57:27Z,31432,671,104,PT1H53M24S,6804,25
EXGQSbG5CVg,Imponderabilia,"Rafał Trzaskowski: debata TVP, wybory prezydenckie, CPK, składka zdrowotna, Nawrocki  Imponderabilia",2025-05-06T17:00:07Z,139193,3076,1908,PT1H8M6S,4086,25
Kp_JOaC6eYc,Imponderabilia,"Magdalena Biejat: wybory prezydenckie 2025, debata, aborcja, flaga Trzaskowski | Imponderabilia",2025-04-29T17:00:07Z,166232,4082,968,PT1H48M36S,6516,25
vM-bYukClOk,Imponderabilia,"Arek Jakubik: dziaders, który został romantykiem | Imponderabilia",2025-04-24T17:00:07Z,38485,932,53,PT1H54M58S,6898,22
b8FPFfcrvWg,Imponderabilia,"Szczepan Twardoch: prawdziwy obraz wojny, Polacy na wojnie w Ukrainie i koniec wojny  Imponderabilia",2025-04-22T16:58:43Z,56707,1253,199,PT1H33M32S,5612,22
mKXFgqGA84k,Imponderabilia,"Izabella Krzan: TVN, Kanał Zero, Afryka Express, Kuba Wojewódzki i Tomasz Kammel | Imponderabilia",2025-04-17T17:00:54Z,241654,3467,432,PT2H23M11S,8591,22
G8ZnS5oY5gQ,Imponderabilia,Robert Rutkowski: jak alkohol niszczy życie i jak przestać pić alkohol? | Imponderabilia,2025-04-13T17:00:07Z,165407,3755,662,PT1H29M21S,5361,22
JaTsyobK15o,Imponderabilia,"Szymon Hołownia: wybory prezydenckie 2025, składka zdrowotna, prawo aborcyjne, CPK, Mentzen | Impo",2025-04-08T17:00:07Z,183508,4388,1801,PT1H44M12S,6252,25
WOdnzekFYlk,Imponderabilia,"Wybory 2025: kto wygra wybory? Kim jest Andrzej Duda? Trzaskowski, Nawrocki i Mentzen - Jacek Gądek",2025-03-30T16:55:14Z,127519,1952,299,PT2H22M43S,8563,25
xw_6d1I56Xs,Imponderabilia,"Paulina Przybysz: powrót Sistars, Insides, Festiwal Zorza i siostrzeństwo | Imponderabilia",2025-03-27T18:00:58Z,15305,318,28,PT1H13M33S,4413,22
nZcZ9uG71ec,Imponderabilia,"Jan Śpiewak: alkohol, Wojewódzki i Palikot, patodeweloperka i wybory prezydenckie | Imponderabilia",2025-03-23T18:00:29Z,150357,3447,941,PT2H3M37S,7417,25
Dlw7RmlKi5I,Imponderabilia,"Adrian Zandberg: wybory prezydenckie 2025: gospodarka, USA i Mentzen oraz Nawrocki | Imponderabilia",2025-03-20T18:00:07Z,379367,13009,2290,PT1H14M52S,4492,25
RrQ7WH38NFs,Imponderabilia,"Remigiusz Mróz: Jakub Jarno, wybory prezydenckie, Adam Szustak i Stephen King | Imponderabilia",2025-03-16T18:00:07Z,83793,2089,127,PT1H56M55S,7015,22
Kj22HSoJoKU,Imponderabilia,"Depresja, wypalenie zawodowe, jak radzić sobie ze stresem i nerwami? Cveta Dimitrova  Imponderabilia",2025-03-13T17:53:34Z,71909,1496,114,PT1H50M24S,6624,22
7dWJxfqhxkA,Imponderabilia,Jaki jest plan Izraela? Czy wojna Palestyna vs Izrael się zakończy? Co zrobi Trump? | Imponderabilia,2025-03-05T16:57:58Z,22279,517,164,PT1H51M13S,6673,27
RhIggH88ZO0,Imponderabilia,"Seryjni mordercy, true crime, zbrodnia doskonała, Kanał Zero - Renata z Worka Kości | Imponderabilia",2025-02-25T18:00:35Z,67699,2042,216,PT1H58M52S,7132,22
1o4ZDdsYgiw,Imponderabilia,"Fisz Emade ""25"", czyli Czerwona sukienka i historia polskiego hip-hopu | Imponderabilia",2025-02-16T18:03:44Z,57747,1270,96,PT1H25M28S,5128,22
gAfUP1PpAFE,Imponderabilia,Wybory prezydenckie 2025: dziennikarze OKO.press kontra Trzaskowski i Nawrocki | Imponderabilia,2025-02-13T17:51:05Z,63859,911,265,PT2H45M14S,9914,25
TXWyNVxHsmo,Imponderabilia,"Łukasz Orbitowski: Neron, chrześcijaństwo, więzienie, reinkarnacja i ateizm | Imponderabilia",2025-02-09T17:56:00Z,22417,566,49,PT1H13M55S,4435,22
vLR_VzlOfik,Imponderabilia,"Magdalena Mielcarz: LVMA BLACK, Quo Vadis, życie w USA, macierzyństwo i modeling | Imponderabilia",2025-02-06T17:47:52Z,44466,683,205,PT1H36M,5760,22
CKC-rFgnP2E,Imponderabilia,Wybory 2025: Marcin Giełzak o tym kto wygra wybory prezydenckie 2025 i nie tylko | Imponderabilia,2025-02-02T17:59:00Z,227701,3919,758,PT2H50M50S,10250,25
iKuphn808To,Imponderabilia,"Oscary 2025: ""Dziewczyna z igłą"" nominacja, Magnus von Horn | Imponderabilia",2025-01-23T18:00:32Z,24420,595,44,PT1H36M9S,5769,22
27fE885NtVE,Imponderabilia,"Rafał Rutkowski: stand-up, anegdoty, żarty dla mas i jak zostać stand-uperem | Imponderabilia",2025-01-19T17:57:28Z,101386,1785,144,PT2H4M52S,7492,22
AwgB2eo8xCs,Imponderabilia,"Patryk Vega: Putin, nawrócenie, Bóg, afera podkarpacka i polityka | Imponderabilia",2025-01-12T18:00:07Z,47023,691,298,PT1H55M50S,6950,22
YibxNu-MnHs,Imponderabilia,"Człowiek Warga i aferki: Stanowski [Kanał Zero], Friz, Boxdel, Wardęga, Gonciarz | Imponderabilia",2024-12-26T18:00:16Z,205443,3753,328,PT2H44M45S,9885,22
0maH7qZrZ8c,Imponderabilia,"Dlaczego nie radzę sobie z życiem? Schematy, traumy z dzieciństwa Marta Niedźwiecka | Imponderabilia",2024-12-15T20:33:08Z,278668,6096,663,PT2H3M4S,7384,22
MXzCjwVvVkM,Imponderabilia,Filozofia kontra Chrześcijaństwo. Tomasz Stawiszyński | Imponderabilia,2024-12-08T18:00:22Z,88390,1499,475,PT2H45M51S,9951,22
bK8E9qmHUME,Imponderabilia,Sara James: Eurovision za rok? Playhouse i tajemnice America's Got Talent | Imponderabilia,2024-12-05T18:00:31Z,99194,2313,291,PT1H20M59S,4859,22
VidQcGupsJ0,Imponderabilia,"Natalia Kukulska: dobrostan znaczy, że trzeba pokochać siebie | Imponderabilia",2024-12-01T18:00:17Z,30693,632,69,PT1H39M50S,5990,22
t3D4dtTEpww,Imponderabilia,"Wojciech Łozowski: chciałbym, żeby tata był, chciałbym posłuchać jego rady | Imponderabilia",2024-11-28T18:00:38Z,59959,1161,106,PT1H32M12S,5532,22
7dnjMLGU6ZE,Imponderabilia,"Największe afery w Polsce i ich bohaterowie: Wałęsa, Palikot, Kaczyński - Podcastex | Imponderabilia",2024-11-26T18:00:05Z,75152,1215,109,PT2H33M28S,9208,22
cMqsjpnDaG0,Imponderabilia,"Ewa Woydyłło: poczucie własnej wartości, szczęście, balans i zakręty życia | Imponderabilia",2024-11-24T18:00:29Z,385585,8409,424,PT1H27M48S,5268,22
h_ZAWg4tjM4,Imponderabilia,"Przeszczep włosów w Polsce: efekty, przyczyny łysienia: Dr Michał Paczkowski | Imponderabilia",2024-11-22T18:00:23Z,19572,367,55,PT1H19M56S,4796,22
fVYV34_jZmo,Imponderabilia,"Meek, Oh Why? - bańka pęka i wszystko w swoim czasie nadejdzie | Imponderabilia",2024-11-20T18:00:28Z,17879,341,32,PT1H36M26S,5786,22
hYpTS4jQXnU,Imponderabilia,"Natalia Szroeder szczery wywiad o przeszłości i przyszłości: REM, Must Be The Music | Imponderabilia",2024-11-17T18:00:24Z,125985,1878,351,PT2H3M54S,7434,22
UOHFcPjymkk,Imponderabilia,Czy Japonia faktycznie jest taka niesamowita? Czego nie wiesz o Japonii - Karolina Bednarz | Impo,2024-11-14T18:00:20Z,169151,3898,1141,PT2H28M45S,8925,22
pvRL2NPLZnc,Imponderabilia,"Cezary Ponttefski - stand-up i wywiad. Całe nagranie, czy to jest bełkot? | Imponderabilia",2024-11-10T17:51:27Z,267263,4651,524,PT2H6M12S,7572,22
fHzUNsZdZhQ,Imponderabilia,"Marcin Patrzałek - wywiad o America's Got Talent, Dragon in Harmony i fingerstyle | Imponderabilia",2024-11-03T18:00:19Z,412664,9804,1015,PT1H35M49S,5749,22
mrL_Ypf8VfM,Imponderabilia,Jolanta Kwaśniewska: wywiad i ciekawe historie: Aleksander Kwaśniewski i inni | Imponderabilia,2024-10-27T17:55:55Z,229154,5531,618,PT1H13M35S,4415,25
RleZVFbP8wA,Imponderabilia,"Piotr Jacoń: osoby transpłciowe, życie osoby LGBT w Polsce | Imponderabilia",2024-10-24T17:00:25Z,50029,1324,638,PT1H40M11S,6011,27
9wGQTHNX3ig,Imponderabilia,"Kto wygra wybory w USA: Trump vs Harris. Podkast Amerykański: Pawłowski, Tarczyński | Imponderabilia",2024-10-20T17:00:06Z,95805,1994,315,PT2H4M48S,7488,25
VkmbFarV5Eo,Imponderabilia,Olaf Lubaszenko: Trzeba iść własną drogą i szukać własnego siebie | Imponderabilia,2024-10-17T17:00:33Z,75929,1765,174,PT1H46M27S,6387,22
LGbSW0wjjsI,Imponderabilia,"Tomasz Włosok: muszę dać z siebie wszystko. Rozmowa o ""Kulej: dwie strony medalu' | Imponderabilia",2024-10-14T17:00:16Z,78887,1490,115,PT1H58M47S,7127,22
D94X3HeWe7M,Imponderabilia,Annie Jacobsen: jak wygląda wojna atomowa? | Imponderabilia,2024-10-09T16:56:24Z,27324,700,93,PT59M18S,3558,22
GaQUCUUoyCM,Imponderabilia,Julia Pietrucha: jak odnaleźć szczęście i pewność siebie | Imponderabilia,2024-10-06T17:02:06Z,50597,765,138,PT2H20M37S,8437,22
4OzeMSEuABk,Imponderabilia,"Unia Europejska vs sztuczna inteligencja. AI Act, ChatGPT, social score - Małgorzata Nikowska | Impo",2024-10-02T17:00:03Z,10319,324,33,PT56M14S,3374,27
K5f2KGxzNBI,Imponderabilia,"Bartłomiej Topa - wywiad o serialu 1670, wpadki na planie i anegdoty, wiara w cuda | Imponderabilia",2024-09-29T16:51:39Z,207345,3665,316,PT1H21M46S,4906,22
d62_XZTPwt8,Imponderabilia,"Dagmara Domińczyk: Sukcesja, Rzeczy Niezbędne, emigracja i życie w USA | Imponderabilia",2024-09-26T17:00:37Z,64260,1715,174,PT53M23S,3203,22
RTExkZ861xU,Imponderabilia,"Nosowska/Król, wywiad: Moja i Twoja nadzieja, nowa płyta: Kasia i Błażej | Imponderabilia",2024-09-22T17:00:26Z,77206,1673,122,PT1H26M53S,5213,22
zWmtK_fWdmM,Imponderabilia,"Magda Koleśnik, Bartosz Bielenia i Marcel Baliński, WSPÓŁGŁOSY: chór dla wszystkich | Imponderabilia",2024-09-15T17:00:55Z,17423,364,26,PT1H31M3S,5463,22
hato7cPpnSE,Imponderabilia,"Piotrek Szumowski, stand-up Komik dookoła świata, poprawność polityczna i stand-up |  Imponderabilia",2024-09-01T16:58:20Z,315584,5619,401,PT1H39M24S,5964,22
_cWA6S4cOAU,Imponderabilia,Krzysztof Zalewski: szczery wywiad na 40 urodziny,2024-08-25T17:00:22Z,152091,2403,307,PT1H37M36S,5856,22
MoVoBGXrJwY,Imponderabilia,"IGO: Męskie Granie 2024, kiedyś SUPERMOCE a dziś chce więcej i więcej | Imponderabilia",2024-08-21T17:00:27Z,47930,956,107,PT1H42M35S,6155,22
yeJf4fL1Few,Imponderabilia,"Wojciech Modest Amaro: najlepsze restauracje, Gdańsk, Atelier i GWIAZDKA MICHELIN | Imponderabilia",2024-07-01T16:50:00Z,205091,4242,265,PT1H31M6S,5466,22
6Q2vxq6limY,Imponderabilia,"Arkadiusz Kamiński, ARHN.EU: najlepsze gry w historii, Dune: Awakening, gry retro | Imponderabilia",2024-06-27T17:06:30Z,130979,3970,404,PT1H51M33S,6693,20
5OJTSqzRFoM,Imponderabilia,"Kasia Gandor: wypalenie zawodowe, adopcja psa, feminizm, podróże i głupie pytania | Imponderabilia",2024-06-25T16:48:40Z,163748,2907,274,PT2H26M57S,8817,27
djsi5MMWu0k,Imponderabilia,Nathan Thrall: jak wygląda wojna między Izraelem i Palestyną - reportaż [LEKTOR PL],2024-06-20T17:00:31Z,27751,885,217,PT49M53S,2993,25
fm4SIqniYcQ,Imponderabilia,The Dumplings: obecnie różni nas prawie wszystko,2024-06-16T17:00:32Z,46013,734,97,PT1H11M44S,4304,22
OiDq5gscZD4,Imponderabilia,"Negocjator Policyjny: jak działa policja, pomoc osobie z depresją, akcje ratunkowe | Imponderabilia",2024-06-02T17:00:12Z,83420,1937,140,PT1H40M6S,6006,22
FMoiiNAvnBI,Imponderabilia,"Antoni Dudek o historii PRL; wybory 2024, komisje śledcze, CPK, Tusk vs Kaczyński | Imponderabilia",2024-05-26T17:00:16Z,120513,2461,292,PT1H9M59S,4199,25
pfI0lHQYKU0,Imponderabilia,"Matylda/Łukasiewicz: MATKA, millenialsi, wybory w Polsce, terapia i ostatnie IMPONDERABILIA",2024-05-23T17:00:36Z,35805,642,88,PT1H50M30S,6630,22
WxmhsHtjsgc,Imponderabilia,"Karolina Bruchnicka, gwiazda filmów: Córka Trenera, Minuta Ciszy i Supersiostry | Imponderabilia",2024-05-16T17:00:18Z,27097,396,28,PT1H49M14S,6554,22
aIKkapNAbs0,Imponderabilia,"Andrzej Pągowski: plakaty filmowe, De Niro, Męskie Granie: Zawiałow, IGO, Mrozu | Imponderabilia",2024-05-12T16:50:57Z,30738,758,56,PT1H47M27S,6447,22
7UHowBvRB4g,Imponderabilia,"Wojtek Sawicki [Life on Wheelz]: niepełnosprawność, realizacja marzeń, religijność | Imponderabilia",2024-05-05T17:00:03Z,65677,1591,247,PT1H49M21S,6561,22
YdvYuot-IBk,Imponderabilia,"Diana Sałacka: humor, stand-up, suchary, najlepsze żarty i dowcipy | Imponderabilia",2024-04-21T16:56:25Z,65985,1032,187,PT2H29M8S,8948,22
169fSmZniGA,Imponderabilia,"Piotr Kędzierski: Kuba Wojewódzki, UFO, najlepsze anegdoty, Kanał Sportowy, terapia | Imponderabilia",2024-04-14T16:53:10Z,215515,2751,313,PT2H14M18S,8058,22
IESBCkRTNBY,Imponderabilia,"Katarzyna Bonda: Krew w piach, morderstwa kobiet, seryjny morderca | Imponderabilia",2024-04-07T17:00:16Z,89001,2041,185,PT2H12M44S,7964,22
uoCeZr4Q3o8,Imponderabilia,"Agata Kulesza: Ida, Róża, 25 lat niewinności, Dom Dobry, Skazana, Zielona Granica | Imponderabilia",2024-04-04T17:00:38Z,228745,4450,241,PT1H23M39S,5019,22
zO__q6EYmEc,Imponderabilia,"Szymon Jadczak: Pegasus, komisja śledcza, wybory kopertowe, afery PiS, Ziobro, Lis | Imponderabilia",2024-03-28T17:46:42Z,101902,1929,347,PT2H18M1S,8281,25
dTAyPb49ASw,Imponderabilia,"Jak nie bać się żyć, zasady stoicyzmu, jak rzucić alkohol? Piotr Stankiewicz | Imponderabilia",2024-03-24T17:50:34Z,124613,1856,206,PT2H4M8S,7448,22
YhY49S0-sn4,Imponderabilia,"Karaś / Rogucki: Zaopiekuj się mną, czyli jak wygląda męska przyjaźń | Imponderabilia",2024-03-21T18:00:14Z,63139,1363,91,PT1H29M33S,5373,22
KX1Kef05Ltg,Imponderabilia,"Piotr Stramowski szczerze o miłości, aktorstwie, pieniądzach i Fame MMA | Imponderabilia",2024-03-15T17:56:11Z,44245,689,68,PT1H15M8S,4508,22
2z-aw3XZc_E,Imponderabilia,"Biała Odwaga, Goralenvolk: zdrada Polski podczas II wojny światowej? Marcin Koszałka  Imponderabilia",2024-03-10T17:52:32Z,80260,1229,246,PT1H14M25S,4465,22
LKNm5HXA8Lo,Imponderabilia,"Malwina Wędzikowska, The Traitors: Zdrajcy, czyli mafia w prawdziwym życiu | Imponderabilia",2024-03-06T17:42:07Z,52099,877,73,PT2H8M39S,7719,22
InyNSUK5erI,Imponderabilia,"Tomasz Makowiecki: kiedyś Idol, teraz Bailando, szczera rozmowa o szołbiznesie | Imponderabilia",2024-03-03T17:50:00Z,63907,925,93,PT1H57M,7020,22
2dML86Xy_vs,Imponderabilia,"Joanna Podgórska: dieta dla mózgu, co suplementować? Jak sobie radzić ze stresem? | Imponderabilia",2024-02-26T17:54:18Z,465789,8142,388,PT1H58M15S,7095,27
9LlsXMNmfIM,Imponderabilia,"KOMISJA ŚLEDCZA DS. PEGASUSA, jak działają polskie służby? Katarzyna Szymielewicz, Wojciech Klicki",2024-02-19T18:00:07Z,204572,1743,141,PT2H31M22S,9082,25
0bTKgQQxp1k,Imponderabilia,"Katarzyna Miller o starości, związkach i jak radzić sobie ze stresem w pracy? | Imponderabilia",2024-02-15T17:50:00Z,283084,6527,483,PT1H23M35S,5015,22
ppr49h5FRSc,Imponderabilia,"Maria Dębska szczerze o tym kiedy ślub, jaka była Kalina Jędrusik i czy mieć dzieci?  Imponderabilia",2024-02-11T18:00:32Z,137690,1472,115,PT1H50M44S,6644,22
Oik6IFFI9Q4,Imponderabilia,"Organek: PiS upada, Czarna Madonna i najważniejsze momenty w życiu | Imponderabilia",2024-02-06T17:46:22Z,41492,845,101,PT1H48M11S,6491,22
JBm-9gPhz_I,Imponderabilia,"Prawda o narkotykach, jak działają kartele? Dr hab. Piotr Chomczyński | Imponderabilia",2024-02-01T17:47:24Z,210395,3134,269,PT2H16M40S,8200,22
vvdKyNpWQIg,Imponderabilia,"Remigiusz Mróz: Forst, ułaskawienie prezydenta, Rodzina Monet i wielkie pieniądze | Imponderabilia",2024-01-29T17:50:00Z,287448,3933,252,PT1H37M45S,5865,22
kZFbMiONEpk,Imponderabilia,Jak Filip Kosior czyta głosem lektora audiobooki? | Imponderabilia,2024-01-21T18:00:45Z,283585,5445,706,PT2H17M41S,8261,22
JR7eKVpmXBY,Imponderabilia,"Jak urządzić mieszkanie - IKEA: pomysły, inspiracje - Anna Cybulska | Imponderabilia",2024-01-18T18:05:57Z,126462,1103,135,PT1H6M30S,3990,22
o3xb7oKlH4g,Imponderabilia,Magda Gessler - kuchenne rewolucje. Szczery wywiad o sukcesach i porażkach | Imponderabilia,2024-01-14T17:57:44Z,521772,11836,1036,PT1H20M56S,4856,22
EdxKzor1AcE,Imponderabilia,"Polskie firmy które PODBIJAJĄ ŚWIAT, jak osiągnąć sukces opowiada Artur Kurasiński | Imponderabilia",2024-01-07T17:53:19Z,75404,774,83,PT2H34M18S,9258,27
_uFSYs5IWyo,Imponderabilia,"Człowiek Warga: Stanowski [Kanał Zero], Pandora Gate, Pasut, Kanał Sportowy | Imponderabilia",2023-12-28T18:00:25Z,453833,6768,549,PT2H43M59S,9839,22
WwcvMgzu6xc,Imponderabilia,"Koniec PiS a związki partnerskie i prawa osób LGBT. Jacek Dehnel, Piotr Tarczyński | Imponderabilia",2023-12-19T17:47:11Z,41396,1125,276,PT2H27M37S,8857,22
dvuEqGIJFJg,Imponderabilia,"Rafał Pacześ, stand-up Czarna Wołga i najlepsze momenty z imprez firmowych | Imponderabilia",2023-12-17T17:54:35Z,1529652,18990,1304,PT1H45M15S,6315,22
rgLqJbiSrlw,Imponderabilia,Kacperczyk - wywiad o tym jak wygląda pokolenie końca świata | Imponderabilia,2023-12-14T18:01:37Z,69000,1688,53,PT1H31M46S,5506,22
iKWcTtsOw_8,Imponderabilia,"Andrzej Leder, wywiad o ekonomii nadmiaru, czy Polacy znają się na ekonomii? | Imponderabilia",2023-12-12T16:02:12Z,32791,720,108,PT1H2M2S,3722,22
H-mJydCPMsE,Imponderabilia,"Igor Herbut [LemON] i Sara James - wywiad o Must Be The Music, ojcostwie i AGT | Imponderabilia",2023-12-10T17:51:56Z,133980,2692,247,PT2H25M14S,8714,22
06hF8cLEWds,Imponderabilia,Pierwsza kobieta w Polsce skazana na dożywocie wyszła na wolność - Wojciech Tochman | Imponderabilia,2023-12-05T17:45:23Z,70759,1188,679,PT2H44M8S,9848,22
FKH7O-IKI70,Imponderabilia,"Podcastex: lata 90 i lata 00 - jak kiedyś wyglądała Polska, afery i kontrowersje | Imponderabilia",2023-11-30T17:59:49Z,93279,1356,139,PT2H26M46S,8806,22
Xwr8oQi4yO0,Imponderabilia,"Elon Musk: geniusz czy szaleniec? Walter Isaacson, biografia Elona Muska [LEKTOR PL]",2023-11-26T18:00:18Z,48312,1330,106,PT46M37S,2797,22
go2Zew6vw9I,Imponderabilia,"Historia II wojny światowej: ""eutanazja"" chorych w Polsce. Kalina Błażejowska | Imponderabilia",2023-11-21T17:47:28Z,51311,1195,140,PT1H39M30S,5970,27
3yKbh_lrPV4,Imponderabilia,"Arek Jakubik: Informacja Zwrotna, alkoholizm w Polsce; Dr Misio chory na Polskę | Imponderabilia",2023-11-16T17:55:18Z,242863,3762,261,PT1H38M15S,5895,22
NSExFHnvwg4,Imponderabilia,"Jakub Żulczyk, wywiad przez ""Ślepnąc od świateł"" do ""Dawno temu w Warszawie"" | Imponderabilia",2023-11-09T17:48:56Z,264686,3529,380,PT2H30M17S,9017,22
J7fHgDKyxkI,Imponderabilia,"Mery Spolsky - wywiad, gdzie Maria Przed Ołtarzem pokazała za dużo | Imponderabilia",2023-11-06T18:08:48Z,100127,2116,173,PT2H18M38S,8318,22
HC0BM01h20k,Imponderabilia,"Kwiat Jabłoni: od nowa wywiad o przyszłości i o tym co było, minęło | Imponderabilia",2023-10-29T17:57:29Z,151037,2996,172,PT1H54M5S,6845,22
JV4gP8JMad8,Imponderabilia,"Sonia i Borys Szyc: pierwszy wywiad o ""Miało Cię nie być"" i relacja ojca z córką | Imponderabilia",2023-10-27T16:58:36Z,52151,938,59,PT1H10M34S,4234,22
skSnd2J2Rks,Imponderabilia,Chłopi: jak powstał film i czy ma szansę na Oscara? Mirosław Baka | Imponderabilia,2023-10-24T16:56:32Z,195007,4096,424,PT1H26M2S,5162,22
jn4HIr7pHUg,Imponderabilia,Jak przebiec maraton? Czy chciałem się poddać? Jak zacząć biegać? Marcin Kęsy | Imponderabilia,2023-10-22T17:05:24Z,101267,1643,145,PT2H23M23S,8603,22
ittWc4RuJGM,Imponderabilia,"Łona: TAXI, wybory parlamentarne i historia hip hopu | Imponderabilia",2023-10-18T17:00:33Z,241264,5646,546,PT1H39M35S,5975,25
dlqksOI-_gI,Imponderabilia,"Tomasz Schuchardt: wywiad o tym, jak zostać aktorem i o roli Doppelganger: Sobowtór | Imponderabilia",2023-10-01T16:46:53Z,80493,1349,138,PT1H39M3S,5943,22
BYYv6xPBO0w,Imponderabilia,"Messi, Maradona, Haaland: najpiękniejsze akcje w piłce nożnej zna Michał Okoński | Imponderabilia",2023-09-18T17:00:10Z,24525,519,55,PT2H18M55S,8335,17
bTV5EXT4_aM,Imponderabilia,"Wybory 2023: Adrian Zandberg i Lewica: program wyborczy, na kogo głosować? | Imponderabilia",2023-09-10T17:00:20Z,304754,9176,3388,PT1H48M20S,6500,25
nmbnTiMgYr0,Imponderabilia,Co się dzieje po śmierci z ciałem? Seryjni mordercy i śmierć. Renata z Worka Kości | Imponderabilia,2023-09-07T17:00:29Z,196051,5491,487,PT2H18M19S,8299,27
keA3bPqDHi8,Imponderabilia,Wybory 2023 i polityka dzielą Polaków. Jak się dogadać mówi Wawrzyniec Smoczyński | Imponderabilia,2023-09-03T17:00:24Z,87621,1761,258,PT1H45M42S,6342,25
87QJxbMnUu4,Imponderabilia,"Karolina Pielesiak: Szparagi - SzpaRAP to przeszłość, teraz jest LOTTA | Imponderabilia",2023-08-29T17:00:08Z,60158,891,131,PT2H21M10S,8470,22
BQ8GBCYo1D8,Imponderabilia,Wybory 2023: czy PiS wygra wybory w 2023? Politycy ujawniają Tajemnice Kaczyńskiego! Kamil Dziubka,2023-08-20T17:00:07Z,1364566,12002,1822,PT2H42M15S,9735,25
KBahAqFs8z4,Imponderabilia,Co to TRIBUTE BAND? Elvis nie umarł? Pink Floyd wciąż koncertuje! Łukasz Droździel | Imponderabilia,2023-08-16T15:19:02Z,14488,315,44,PT1H42M46S,6166,22
MQdgeqZfjfQ,Imponderabilia,"Korwin, Mentzen, Wipler i cała Konfederacja. Jak wygląda naprawdę? Marcin Kącki | Imponderabilia",2023-08-13T17:00:22Z,304935,6300,2404,PT2H2M21S,7341,25
WeiHX9HNAcA,Imponderabilia,Wybory 2023 na kogo głosować? PiS czy PO? Konfederacja czy Lewica? Trzecia Droga? ORB Imponderabilia,2023-08-07T17:00:27Z,850167,13841,2002,PT2H59M18S,10758,25
YOOscNI0Jaw,Imponderabilia,Sztuczna inteligencja: politycy i wybory parlamentarne odejdą w niepamięć? Aleksandra Przegalińska,2023-07-30T17:00:16Z,51107,1180,139,PT1H29M9S,5349,22
qLjtvxpeZqs,Imponderabilia,"Tomasz Ćwiąkała - wywiad [Ekstraklasa, reprezentacja Polski, Santos, Lewandowski] | Imponderabilia",2023-07-23T17:00:25Z,160793,3546,163,PT1H48M41S,6521,22
kMa5onbkpG8,Imponderabilia,Wybory 2023: Sławomir Sierakowski - wywiad o tym kto wygra wybory. Pis czy PO? | Imponderabilia,2023-07-16T17:00:32Z,280353,5459,2126,PT1H26M33S,5193,25
vhhHUmnXUfo,Imponderabilia,"Michał Leja: stand-up z kartki, wywiad i RE:FLEKSJE z Szumowskim | Imponderabilia",2023-07-09T17:00:38Z,400648,5496,391,PT2H16M8S,8168,22
SAa4_dFEZ8E,Imponderabilia,Jesteśmy coś winni rodzicom? Jak odzyskać kontrolę nad swoim życiem? Matylda Kozakiewicz | Impo,2023-07-04T17:00:27Z,314929,4816,506,PT2H16M50S,8210,27
uNotMu-thrI,Imponderabilia,"Tajemnica czasu, czarna dziura i ostateczna teoria Stephena Hawkinga. Thomas Hertog | Imponderabilia",2023-06-25T17:00:24Z,37370,983,37,PT45M26S,2726,27
FSZdpmoLwTg,Imponderabilia,"Jakub Małecki [Sąsiednie Kolory, Horyzont]. Jak zostać pisarzem? | Imponderabilia",2023-06-22T17:00:14Z,75959,1901,192,PT1H44M11S,6251,22
jdp3x8vDsaQ,Imponderabilia,"Piotr Marzec, Liroy - wywiad o polityce [Konfederacja, Kukiz, PiS] i legalizacji 🌿 | Imponderabilia",2023-06-18T17:00:27Z,254124,3983,779,PT2H16M35S,8195,22
UqaevvGCN2g,Imponderabilia,"Dominik Bos: TVP i commentary w internecie [Gimper, Pasut, iDubbbz, Gargamel] | Imponderabilia",2023-06-11T17:00:14Z,716412,13691,806,PT2H29M19S,8959,22
WPwF7QW8xcA,Imponderabilia,Antoni Dudek o historii polskiej polityki. Kto wygra wybory 2023? | Imponderabilia,2023-06-01T17:00:16Z,1023118,9485,1116,PT2H14M18S,8058,25
KQoiq5Nseoo,Imponderabilia,"Nosowska: wywiad, degrengolada i czas kiedy była współuzależniona | Imponderabilia",2023-05-28T17:00:18Z,426159,8818,799,PT1H38M14S,5894,22
9uM9yCQRmIg,Imponderabilia,"Rosalie: wyjechać z Polski? Od: Kiedy powiem sobie dość, po Raj | Imponderabilia",2023-05-25T16:32:47Z,32398,493,34,PT1H31M38S,5498,10
et_xynpA7mw,Imponderabilia,Anna Gacek: ciekawe historie o muzykach: od Beyonce i Taylor Swift po The Strokes | Imponderabilia,2023-05-22T15:48:57Z,123066,1681,227,PT2H31M29S,9089,22
A-7cZ2XlEbY,Imponderabilia,Katarzyna Miller - wywiad i emocje: jak sobie z nimi radzić? | Imponderabilia,2023-05-18T16:48:54Z,343892,7918,523,PT1H54M55S,6895,27
05kV1te-wkc,Imponderabilia,"Aleksander Kwaśniewski: wywiad i ciekawe historie: Putin, Kaczyński, Wałęsa i inni | Imponderabilia",2023-05-11T16:30:00Z,1234715,18178,2497,PT1H54M33S,6873,25
yzerm4oqm8s,Imponderabilia,Łukasz Piszczek: wywiad o sukcesach i porażkach. Kamil Wódka: jak stworzyć mentalność sportowca?,2023-05-07T16:54:38Z,45642,877,58,PT1H35M5S,5705,22
v5lT-y9cjiQ,Imponderabilia,Anda Rottenberg: po co nam sztuka i Muzeum Sztuki Nowoczesnej? Czy będziemy burzyć pomniki JP2?,2023-05-04T16:30:08Z,108938,3307,305,PT47M28S,2848,22
Yg3E1F-rKxs,Imponderabilia,"Vito Bambino: Pracownia to prawie koniec. Jak pracował z Podsiadło, Sanah, Ewą Bem? | Imponderabilia",2023-04-28T16:30:07Z,258400,4280,248,PT1H59M51S,7191,22
11_mMziW3ms,Imponderabilia,"Jann: Gladiator, Eurowizja i szczery wywiad o przyszłości",2023-04-26T17:00:02Z,294258,10933,891,PT1H16M35S,4595,22
lPfBgqvI4ag,Imponderabilia,Jak radzić sobie z depresją? Jak radzić sobie z emocjami? Bogdan de Barbaro | Imponderabilia,2023-04-23T17:00:23Z,523384,10413,512,PT1H46M11S,6371,27
ruRlp_LDTdk,Imponderabilia,"Wybory 2023: wygra PiS, PO, może Mentzen lub Hołownia? Na kogo głosować? Odpowiada Karolina Wigura",2023-04-20T16:20:00Z,354745,6794,1945,PT1H35M21S,5721,25
zqM-Fp7rtdA,Imponderabilia,"Cezary Pazura: żarty, anegdoty o aktorach opowiada Wujek Czarek | Imponderabilia",2023-04-16T17:00:37Z,370430,6848,387,PT1H1M35S,3695,22
f8KYoSMkj9I,Imponderabilia,"Wywiady w biegu: Zuza Zaksiążkowane, Natalia Szymaniec, Angelika Sarna i Artur Kuciapski | Impo",2023-04-14T16:32:50Z,83689,2292,145,PT51M14S,3074,22
8wg4slkjKI0,Imponderabilia,"Agnieszka Grochowska szczerze o tym, jak podnieść się po porażkach | Imponderabilia",2023-04-10T17:00:07Z,175617,3154,223,PT1H2M25S,3745,22
BLZSoi8Yqfw,Imponderabilia,"Wegetarianizm: fakty, które zmienią Twoją dietę przedstawia Bartek Sabela | Imponderabilia",2023-04-06T17:00:11Z,65231,2055,682,PT1H22M22S,4942,22
ityCCRYGaic,Imponderabilia,Czy sztuczna inteligencja zabierze nam pracę? Filip Konopczyński | Imponderabilia,2023-04-02T17:00:31Z,87625,1542,217,PT1H49M42S,6582,22
19t7FgdcxH0,Imponderabilia,"Roxie Węgiel szczerze o: wierze, aborcji, Eurowizji i występach w TVP",2023-03-26T17:00:09Z,166639,3126,546,PT1H31M56S,5516,22
FaYjF2fvbNc,Imponderabilia,Karolina Gruszka: czego zazdrości?,2023-03-23T18:00:11Z,65026,1144,114,PT2H1M12S,7272,22
dmlC6toI8jw,Imponderabilia,Damian Kocur: kino to nie tylko Marvel,2023-03-19T18:00:08Z,29033,632,71,PT2H39M37S,9577,22
zfFPTRpFrZs,Imponderabilia,Piotr Zioła szczerze o chorobie psychicznej i powrocie po latach na scenę,2023-03-16T18:00:10Z,41749,888,87,PT1H10M57S,4257,22
M3hnjne6h2Y,Imponderabilia,Dlaczego reporter nie jest na wojnie od pomagania? Paweł Pieniążek,2023-03-12T18:00:11Z,40704,864,46,PT1H48M30S,6510,27
bo-kl_yIqQo,Imponderabilia,Bovska: Jak wyrazić tęsknotę za niespełnionym macierzyństwem?,2023-03-09T18:00:11Z,45956,976,69,PT1H48M3S,6483,22
h63V4XECXck,Imponderabilia,Dlaczego mężczyźni czują się atakowani? Rafał Masny,2023-03-05T18:00:10Z,148531,2767,362,PT2H51M15S,10275,22
AyHCWYZTI24,Imponderabilia,Ścigany listem gończym krytykuje Rosję i Putina - Dmitry Glukhovsky [Napisy PL],2023-03-02T18:00:11Z,84976,2723,258,PT1H56S,3656,22
W920bGrZOzA,Imponderabilia,Lekcja pokory od życia. L.U.C.,2023-02-26T18:00:11Z,52094,1193,142,PT2H5M26S,7526,22
Qcz6Ldced9A,Imponderabilia,Ludzie modlą się o nasze nawrócenie na heteroseksualizm. Way Of Blonde i Maschines,2023-02-23T18:00:10Z,143639,3476,548,PT1H37M15S,5835,22
9oK5PmGitDM,Imponderabilia,Do której partii chciał się zapisać Remigiusz Mróz?,2023-02-19T18:00:10Z,134823,2774,188,PT2H22M53S,8573,22
IhSWtknSfI4,Imponderabilia,"Historie miłości, gdy wydawało się, że na miłość jest już za późno. Agata Romaniuk",2023-02-09T18:00:10Z,84253,1961,124,PT1H35M51S,5751,22
YotBjBeE2VQ,Imponderabilia,"Błażej Król: wiem, że w każdej chwili mogę wszystko stracić",2023-02-05T18:00:11Z,56522,1146,97,PT1H27M22S,5242,22
m62C2K1EWn0,Imponderabilia,O czym marzą faceci? Martyna Harland,2023-01-26T18:00:07Z,55673,887,280,PT1H3M51S,3831,22
tJosTlLCQFk,Imponderabilia,"Martyna Wojciechowska: jak opowiedzieć historie kobiet, które przeszły przez piekło?",2023-01-15T18:00:07Z,232701,6423,398,PT1H34M28S,5668,22
t67UGcEzUb4,Imponderabilia,JIMEK: od Beyonce do historii polskiego hip-hopu,2023-01-08T18:00:07Z,135065,2498,250,PT1H59M31S,7171,22
rbjsSbHFHjM,Imponderabilia,Człowiek Warga podsumowuje najgorszy rok,2022-12-29T18:00:10Z,222430,4355,292,PT2H30M41S,9041,22
xQLLilkvP7o,Imponderabilia,Jestem prostym i wnerwionym chłopem. Michał Żurawski,2022-12-20T18:00:10Z,62170,1401,113,PT44M10S,2650,22
jRRevcumg7Q,Imponderabilia,Daria Zawiałow: Dawid Podsiadło pomógł mi w pisaniu tekstu,2022-12-18T18:00:11Z,125280,2155,196,PT1H33M23S,5603,22
4z0xL_8Rj4E,Imponderabilia,Co filmy dla dorosłych robią z naszym mózgiem i inne sprawy łóżkowe. Marta Niedźwiecka,2022-12-15T18:00:08Z,208953,4675,506,PT2H10M7S,7807,22
arVvLshBv48,Imponderabilia,Pezet. Jak się czuł będąc na dnie?,2022-12-11T18:00:09Z,659071,11145,765,PT1H48M54S,6534,22
oScJEUc13dg,Imponderabilia,Czego nie wiesz o molestowaniu? Joanna Gzyra-Iskandar,2022-12-08T18:00:09Z,36540,1023,500,PT1H25M7S,5107,22
rJb7hz9MH70,Imponderabilia,Norman Davies: miejsce Polski na mapie Europy się zmienia,2022-12-04T18:00:08Z,78816,2378,317,PT53M31S,3211,22
az63tPEgl0o,Imponderabilia,"""Za każdym przestępstwem stoi nieszczęście dziecka"" Katarzyna Borowska",2022-12-01T18:00:11Z,40457,867,53,PT1H37M47S,5867,22
S9yxB2Pqvrg,Imponderabilia,Katarzyna Zillmann: miłość zwycięży,2022-11-29T18:00:08Z,56910,1531,164,PT1H8M11S,4091,22
0AoRqPC0IDY,Imponderabilia,Doda: wyjdzie ze studia?,2022-11-27T18:00:08Z,672438,11001,2466,PT1H39M32S,5972,22
vZZNGNDTmG4,Imponderabilia,Tomasz Smokowski szczerze o Kanale Sportowym i szansach Polski na mundialu w Katarze,2022-11-24T18:00:08Z,286534,5005,366,PT2H18M40S,8320,22
JjwsNDDpNp4,Imponderabilia,Zygmunt Miłoszewski: byłem uzależniony od siedzenia we własnej głowie,2022-11-22T18:00:06Z,93629,1620,256,PT1H51M51S,6711,22
RwonlpmYmOU,Imponderabilia,"Wszyscy umrzemy, lepiej zająć się w życiu rzeczami ważnymi a nie pobocznymi. Oliver Burkeman",2022-11-20T18:00:09Z,26539,459,58,PT54M25S,3265,22
NZsMAlG7pGQ,Imponderabilia,Były lekarz opowiada najmocniejsze historie ze szpitala. Adam Kay [Napisy PL],2022-11-17T18:00:07Z,76182,1501,94,PT57M29S,3449,22
4X7zAQlGijM,Imponderabilia,Życie kobiety nie kończy się po porodzie. Justyna Szyc-Nagłowska,2022-11-13T18:00:08Z,63274,1145,174,PT1H17M33S,4653,22
hGQqx_JpzfU,Imponderabilia,Helena Norowicz: kiedy mam dobry humor czuję się jak piętnastolatka!,2022-11-10T18:00:09Z,106622,2530,206,PT1H1S,3601,22
qJ6Ynt8kPcA,Imponderabilia,"Wojciech Waglewski o sobie i VooVoo. Do tego Polska, Fisz i słynny wywiad dla radia Koszalin",2022-11-06T18:20:35Z,52523,944,114,PT1H16M24S,4584,10
l50Hvwt4l-o,Imponderabilia,"Brodka szczerze o życiu i swojej muzyce (Granda, Brut, Sadza)",2022-10-30T18:00:09Z,140814,1922,221,PT1H37M56S,5876,22
FP432B5jYl0,Imponderabilia,"Holak i Jordah, czyli Małe Miasta: dziś Wesele, kiedyś Fame MMA",2022-10-27T17:00:10Z,14990,248,33,PT2H10M2S,7802,22
pHZR1TVN1w8,Imponderabilia,Maria Peszek: kochana i nienawidzona,2022-10-16T17:00:06Z,182055,4207,455,PT1H19M42S,4782,22
SZ8s_mpp9xc,Imponderabilia,Osi Ugonoh: teraz mogę pokazać prawdziwą siebie,2022-10-13T17:00:11Z,36996,798,102,PT1H9M9S,4149,22
HjypC57TSNI,Imponderabilia,"Xawery Żuławski: Polska kopie i gryzie, lecz bez niej nie potrafię",2022-10-09T17:00:09Z,36523,680,48,PT1H11M44S,4304,22
OaLDsfLLZ8k,Imponderabilia,Alżbeta Lenska: jak oswoić własne blizny?,2022-10-04T17:00:11Z,57315,1094,57,PT1H2M58S,3778,22
hMPFzoLbPjA,Imponderabilia,"Co zrobić, by dzieci już nie były niedożywione: Magdalena Jaranowska i Ewa Sękowska-Molga",2022-10-02T17:00:12Z,19436,485,64,PT1H27M6S,5226,22
-_zgoYPX3Rs,Imponderabilia,W pustce możemy się przeglądać jak w lustrze. Mateusz Waligóra,2022-09-29T17:00:11Z,34296,779,120,PT1H53M56S,6836,22
87Op0EgFvno,Imponderabilia,Robert Gawliński: dojrzałość Wilka,2022-09-25T17:00:12Z,213421,4097,755,PT1H28M47S,5327,22
97U14pWtqqU,Imponderabilia,"Michał Oleszczyk: to miała być rozmowa o filmach, a została rozmową o sensie życia",2022-09-22T17:00:13Z,71720,1563,138,PT2H24M32S,8672,22
k6RUlbnhWkU,Imponderabilia,Najlepsze i najbardziej przerażające historie z podróży busem przez świat opowiada Karol Lewandowski,2022-09-18T17:00:11Z,202401,3235,188,PT2H41M52S,9712,22
1g0kzJsBkVM,Imponderabilia,Małgorzata Kożuchowska: chciałabym być szanowana,2022-09-15T17:00:10Z,136669,2585,219,PT39M51S,2391,22
oD_C9TUVq0I,Imponderabilia,Dlaczego ludzie popełniają samobójstwa? Halszka Witkowska,2022-09-11T17:00:12Z,133137,3584,506,PT1H45M41S,6341,22
5Xu180tJW2c,Imponderabilia,Jasiek Borkowski: nie wrócę do nałogów,2022-09-08T18:00:12Z,68801,1199,120,PT2H28M9S,8889,22
IdLA42gUorY,Imponderabilia,"Maciej Panek: kiedyś bankrut, dziś właściciel wielkiej firmy",2022-09-04T18:00:11Z,56740,828,153,PT1H57M6S,7026,22
uRhPmQe_3Xk,Imponderabilia,Wini: już nie chcę popełniać błędów jak dawniej,2022-08-31T18:00:11Z,116853,2649,193,PT2H13M11S,7991,22
aGSn1QeTfdM,Imponderabilia,Dlaczego niektórzy nie radzą sobie z życiem i jak to zmienić? Andrzej Tucholski,2022-08-28T18:00:12Z,188615,3095,306,PT2H24M56S,8696,22
JkSs2By5orA,Imponderabilia,Miuosh: wyszedłem z ciemnego okresu w życiu,2022-08-21T17:00:10Z,105214,1500,111,PT2H7M43S,7663,22
BMNgXr3ELP8,Imponderabilia,"Meek, Oh Why? Czyli jak poeta stał się raperem, a raper poetą",2022-08-11T17:00:09Z,34925,719,69,PT40M4S,2404,10
f47Pw4u3i6s,Imponderabilia,"Zespół, który miał już nigdy nie zagrać: Cool Kids Of Death. Krzysztof Ostrowski",2022-07-31T17:00:11Z,28278,634,71,PT51M10S,3070,22
GZCZMd6Dovo,Imponderabilia,Sara James: Eurovision Junior to dopiero początek: teraz Ameryka! [ENG subtitles],2022-07-24T17:00:11Z,254734,5107,367,PT1H6M47S,4007,22
zP5sO9p0LWY,Imponderabilia,Kasia Kowalska: jestem perfekcjonistką,2022-07-20T17:00:11Z,86949,1644,209,PT1H5S,3605,22
4kPIUYG3VoM,Imponderabilia,Czym się różnią BOOMERZY od MILLENIALSÓW i GENERACJI Z? Ola Sidorowska,2022-07-18T16:59:55Z,59748,1001,243,PT1H21M45S,4905,22
CKmK3R9kaUg,Imponderabilia,"Friz na serio. Co dalej z Ekipą, Wersow i biznesem?",2022-07-17T17:00:12Z,797354,21550,981,PT2H9M30S,7770,22
denfV0CriSU,Imponderabilia,Od Minecrafta do wielkiej kariery. JDabrowsky,2022-07-14T17:00:12Z,92036,2300,98,PT2H11M56S,7916,22
brqmBsCVmts,Imponderabilia,Wojtek Mazolewski: przy jakiej muzyce płacze?,2022-07-07T17:00:12Z,39156,634,49,PT2H27M56S,8876,22
OlJg9gbYzrc,Imponderabilia,Robert Małecki - dlaczego zbrodnia idealna nie istnieje?,2022-07-05T17:00:11Z,110534,1947,136,PT2H1M13S,7273,22
SUpIK5MsUDo,Imponderabilia,Patrycja Markowska szczerze o swojej muzyce i karierze,2022-06-23T17:00:12Z,170974,3412,338,PT1H40M23S,6023,22
MXXNC5LLJgk,Imponderabilia,Marcin Meller: ile razy uniknął śmierci?,2022-06-19T17:01:05Z,161603,2838,170,PT2H31M25S,9085,22
YJFj2DuU6Eg,Imponderabilia,Polował na Bin Ladena - Aleksander Makowski,2022-06-09T17:00:46Z,419760,7543,960,PT1H28M52S,5332,22
j4PX5Gb8UV0,Imponderabilia,Skąd biorą się problemy ze zdrowiem psychicznym? Dr Dean Burnett,2022-06-03T17:01:06Z,84281,1810,90,PT1H16M9S,4569,22
o5efl04NdGo,Imponderabilia,"Kwiat Jabłoni oraz Bedoes i Zalewski, czyli Męskie Granie 2022. Jest tylko teraz!",2022-05-31T17:00:47Z,239678,4120,177,PT2H4M40S,7480,22
T--zqrIqGTY,Imponderabilia,"Tomasz Czukiewski: Ciekawe Historie, Ukraina i pistolet przystawiony do głowy",2022-05-08T17:00:11Z,403379,7025,488,PT2H20M41S,8441,22
r1ls5jQrcw0,Imponderabilia,Michał Kempa: nie ma się z czego śmiać,2022-05-04T17:00:22Z,258262,3873,299,PT2H41M40S,9700,22
DJgP4nF-NYA,Imponderabilia,"Jeździ Maybachem, do tego robi biznesy z Wojewódzkim i Palikotem. Kim jest Tomek Czechowski?",2022-04-28T17:00:44Z,210575,3134,308,PT1H39M17S,5957,22
9I6X-9rHhx0,Imponderabilia,"Muniek Staszczyk: pomyślałem sobie, że można umierać",2022-04-25T17:01:22Z,137809,2742,237,PT1H21M25S,4885,22
fk3BJhD4pyI,Imponderabilia,Justyna Mazur. Czego się boi królowa podcastów kryminalnych?,2022-04-14T17:00:20Z,251419,6130,702,PT1H46M52S,6412,22
oY5lTXwiTR8,Imponderabilia,Maciej Je: zawsze płacę rachunek w restauracji,2022-04-10T17:00:30Z,47908,1360,110,PT1H56M47S,7007,22
H6zqFBu12Lk,Imponderabilia,Jak wytresować psa i przy okazji właściciela. Michał Dąbrowski,2022-03-31T17:00:13Z,204115,3761,325,PT2H22M10S,8530,22
JPT01f09uZI,Imponderabilia,Jak działa rosyjska propaganda? Martyna Bildziukiewicz,2022-03-29T17:00:40Z,83906,1792,204,PT1H26M7S,5167,22
Pk6ZiSD-83Q,Imponderabilia,"Piotrek Szumowski: kiedyś półgłówek, a dziś planuje roast Pudziana",2022-03-27T17:00:12Z,535636,7543,386,PT2H15M9S,8109,22
4e7rbvbT-GI,Imponderabilia,Marcin Prokop znów bardzo szczerze i wylewnie o promiskuitycznej miłości do samochodów i nie tylko,2022-03-24T18:01:05Z,422453,6222,291,PT2H6M46S,7606,22
EFKU6PwIOaM,Imponderabilia,Andrzej Grabowski bardzo szczerze o swojej przeszłości i karierze,2022-03-20T18:00:35Z,245650,6296,303,PT1H15M12S,4512,22
67zN6KAknNY,Imponderabilia,Szymon Hołownia - antyszczepionkowcy zmienili się w prorosyjskich trolli,2022-03-08T18:00:36Z,139593,3839,1048,PT1H1M44S,3704,22
L6eYBRaQtYs,Imponderabilia,Inwazja na Ukrainę - relacja Kuby Górnickiego z Outriders prosto z Kijowa,2022-03-01T18:00:35Z,75727,2707,81,PT1H1M34S,3694,22
H0IpKgXAs2Q,Imponderabilia,Pełnosprawny w miłości Artur Wachowicz,2022-02-27T18:00:39Z,37090,1019,86,PT1H19M59S,4799,22
BJpmvCtm9PM,Imponderabilia,Remigiusz Mróz: dlaczego obraża partię rządzącą?,2022-02-13T18:00:11Z,254691,5420,375,PT1H27M37S,5257,22
lwhCXOAnXIQ,Imponderabilia,"Krystian Pesta: teraz ""Behawiorysta"", a co dalej?",2022-02-10T18:00:17Z,83114,1961,163,PT1H48M57S,6537,22
NbxhhyVBBCY,Imponderabilia,Robert Pasut: zapłaciłem za przeszłość,2022-02-06T18:01:06Z,711403,14023,819,PT1H37M21S,5841,22
3kMt2RD-xxY,Imponderabilia,"Vanessa Aleksander opowiada o swojej terapii, The Office i planach by podbić Hollywood",2022-01-31T18:01:00Z,209047,4032,592,PT2H36M23S,9383,22
vitiBGIUPX4,Imponderabilia,"Andrzej Dragan: bezczelny fizyk, który rozwiązał zagadkę mechaniki kwantowej",2022-01-27T18:00:49Z,1608431,21808,2200,PT2H7M14S,7634,22
YIG19T6R9IQ,Imponderabilia,Michał Koterski: jak z dna nałogów trafił przed oblicze Boga?,2022-01-23T18:01:07Z,429093,9442,953,PT1H15M1S,4501,22
RC-McsPXTu4,Imponderabilia,Dlaczego Red Lipstick Monster założyła swoją markę?,2022-01-01T18:00:45Z,114138,1545,449,PT2H23M50S,8630,22
CN4OlYLeI_o,Imponderabilia,Najgrubsze imprezy jutuberów wspomina Człowiek Warga,2021-12-30T18:00:17Z,561743,8490,434,PT2H54M42S,10482,22
04SB6HWp_sg,Imponderabilia,Andrzej Stasiuk i życie w lesie,2021-12-26T19:00:53Z,58176,1248,88,PT1H6M37S,3997,22
U9fOHJgDbNU,Imponderabilia,Tomasz Bagiński o drugim sezonie Wiedźmina. Co wniósł do roli Geralta Henry Cavill?,2021-12-19T18:00:45Z,143322,2913,1244,PT1H40M28S,6028,22
IP_bi1zt0yU,Imponderabilia,Natalia Szroeder szczerze o swoim smutku. I ani słowa o Quebonafide.,2021-12-16T18:00:56Z,208308,3561,448,PT1H27M20S,5240,22
WBa3FabYqHs,Imponderabilia,Antoni Syrek-Dąbrowski: trzeba obśmiewać silniejszych [Kronika Filmowa],2021-12-05T18:00:29Z,262244,4828,334,PT1H32M48S,5568,22
qEMie0-mj2U,Imponderabilia,"Brzydki język polityków, czyli: by wygrać wybory trzeba mówić niechlujnie. Michał Rusinek",2021-12-02T18:00:09Z,85838,2337,180,PT1H9M7S,4147,22
B3iXNZ_s4mc,Imponderabilia,Kacperczyk: nie kłócą się o dziewczyny i pokonali kryzys wieku wczesnego,2021-11-28T18:00:09Z,121197,4523,91,PT1H28M24S,5304,22
77CPVDw906g,Imponderabilia,Maciej Stuhr opowiada dlaczego pomaga uchodźcom przy granicy z Białorusią,2021-11-25T18:00:12Z,145464,3268,802,PT59M7S,3547,22
LOGofL7VP4Y,Imponderabilia,Fakty i mity o odchudzaniu i diecie. Magdalena Hajkiewicz,2021-11-21T18:00:09Z,155467,3236,352,PT2H18M28S,8308,22
LET8GWsGTVk,Imponderabilia,Nergal kontra Bóg,2021-11-18T18:00:10Z,241818,5319,1505,PT2H6M34S,7594,22
j1o84PK2SSA,Imponderabilia,Michu z M4K: dlaczego samochody drożeją i jak nie kupować używanego auta?,2021-11-14T18:00:10Z,329293,6752,562,PT2H25M53S,8753,22
7jrp-iGb9u0,Imponderabilia,Po co nam Bóg? Reza Aslan,2021-11-07T18:00:10Z,62876,1777,383,PT1H4M28S,3868,22
VLU1WvYh8gI,Imponderabilia,"Czy Fisz słucha Maty, albo buja się do Young Leosi? Opowieść o byciu boomerem.",2021-10-31T18:00:11Z,155486,2913,179,PT1H4M54S,3894,22
aVwSwCvSzrA,Imponderabilia,Czy można skrzywdzić robota i dlaczego technologia nas ocali? Natalia Hatalska,2021-10-24T17:00:11Z,63334,1550,175,PT1H46M53S,6413,22
YZv9uqoWTDY,Imponderabilia,"Smolik: muzyka jako afrodyzjak i opowieść o tym, jak reaktywował karierę Krzysztofa Krawczyka",2021-10-17T17:00:11Z,34974,755,53,PT57M2S,3422,22
U5udu_4hm8I,Imponderabilia,"Anna Gacek i ekstaza lat 90: od Nirvany, przez Twin Peaks, aż po Kate Moss",2021-10-10T17:00:12Z,157227,2655,363,PT2H16M52S,8212,22
oQKPwYT3G8o,Imponderabilia,Czy dieta wegańska u psa to dobry pomysł? Jak karmić zdrowo opowiada Justyna Przełączkowska,2021-10-04T16:30:12Z,31345,739,184,PT1H24M33S,5073,15
rqTA5gQFIQg,Imponderabilia,Jacek Braciak szczerze o swojej przeszłości,2021-09-26T17:00:12Z,428175,8398,557,PT1H10M59S,4259,22
JFBc9Ph8VZU,Imponderabilia,"Areta Szpura: znajomi się bali, kiedy miałam przyjść do ich domu",2021-09-19T17:00:11Z,67639,1369,303,PT1H31M12S,5472,27
PKkaylEh2V8,Imponderabilia,"Maja Ostaszewska kontra świat, czyli jak być silną kobietą w Polsce?",2021-09-12T17:00:11Z,184714,5111,715,PT1H10M10S,4210,22
FIxPn_fZfTY,Imponderabilia,"Ucieczka od bezradności: filozofia, astrologia, religia i psychodeliki. Tomasz Stawiszyński",2021-09-09T17:00:12Z,225564,3436,392,PT2H42M10S,9730,22
6wnBdKIFUMo,Imponderabilia,Czego nie wiesz o samobójstwie? Halszka Witkowska,2021-09-05T17:00:11Z,429918,11332,1748,PT1H19M36S,4776,27
VqMNKyKHnnM,Imponderabilia,Wyprowadzam się.,2021-08-22T17:00:10Z,147366,3273,205,PT56M6S,3366,22
DmSpurb9PUg,Imponderabilia,"Wini: co sądzi o rapie, raperach i branży.",2021-08-01T18:00:11Z,221318,5317,472,PT1H56M3S,6963,22
_hymAREwk9E,Imponderabilia,"O podróży, która jest dostępna dla każdego. Mateusz Waligóra",2021-07-25T18:00:10Z,48881,986,70,PT1H40M13S,6013,22
yv-eJiycC1M,Imponderabilia,"Agnieszka Graff: Kobiety kontra Polska, czyli czym jest feminizm.",2021-07-14T17:00:11Z,88476,3087,635,PT1H15M32S,4532,22
eHDeXQAahoo,Imponderabilia,Magdalena Koleśnik i tajemnice kryminalne Podlasia w serialu 'Kruk',2021-07-11T17:00:10Z,76259,1314,143,PT1H35M30S,5730,22
qKvwqTQfsxo,Imponderabilia,Jak pokochać muzykę klasyczną? Tłumaczy i gra Aleksander Dębicz,2021-07-07T17:00:10Z,38349,1399,126,PT1H6M24S,3984,22
GetSvM13KTE,Imponderabilia,KęKę: życie nigdy ponad stan,2021-07-04T18:00:09Z,230055,4818,298,PT1H27M32S,5252,22
Un6gzKLWUZM,Imponderabilia,Jan Błachowicz. Jak zostać mistrzem UFC?,2021-06-27T18:00:10Z,184891,5576,421,PT1H19M10S,4750,22
i0LF8_X3SBw,Imponderabilia,Śmierć funkcjonariuszy polskiego kontrwywiadu. Jak do tego doszło? Opowiada Tomasz Awłasewicz,2021-06-24T17:00:11Z,403850,5881,522,PT1H31M40S,5500,22
pAOPGBb_ssg,Imponderabilia,Najmocniejsze historie z Szpitalnego Oddziału Ratunkowego opowiada ratownik: Janek Świtała,2021-06-20T18:00:12Z,330640,9020,847,PT1H36M47S,5807,22
bxalXwiJySs,Imponderabilia,Iga Dzieciuchowicz prowadzi śledztwo na temat wątpliwych terapii i granic etyki doktora Wiesława,2021-06-13T18:00:13Z,106896,1904,224,PT1H38M36S,5916,22
FD8wiWwp2BI,Imponderabilia,"Marcin TYTUS Grabski: u niego zaczynali: O.S.T.R., Fisz, Taco Hemingway i Otsochodzi",2021-06-02T17:00:11Z,59441,1253,160,PT1H43M28S,6208,22
4beoNX_nig0,Imponderabilia,"Brodka: Granda to przeszłość, teraz czas na Brut",2021-05-30T18:00:09Z,213839,3227,395,PT1H21M41S,4901,22
GS4CuyJm5Co,Imponderabilia,Lech Dyblik opowiada o swoim niezwykłym życiu,2021-05-23T17:00:15Z,466176,9208,739,PT1H34M19S,5659,22
toAeoCG1T3I,Imponderabilia,"Adam Szustak OP szczerze o religii, episkopacie, JP2 i zbawieniu",2021-05-19T16:00:17Z,2338028,44444,10143,PT2H29M39S,8979,22
BggN5fIcp4g,Imponderabilia,"Jakub Żulczyk o lękach, nałogach i wszystkim co składa się na ""Informację zwrotną""",2021-05-16T17:00:15Z,232905,4146,273,PT1H54M17S,6857,22
paU9xEBcqC4,Imponderabilia,"Olga Kalicka szczerze o przyjaźni, dziecku i karierze aktorki",2021-05-12T16:00:15Z,90116,1787,167,PT59M12S,3552,22
1b7kHKvtD_Y,Imponderabilia,"O tym Jezusie nie dowiesz się z kościoła, bo go tam nie ma. Piotr Augustyniak",2021-05-09T17:00:16Z,742013,10533,7147,PT2H33S,7233,22
bv3nBlAeoFs,Imponderabilia,Jak rozmawiać o aborcji tłumaczy Dominika Kozłowska,2021-05-05T16:00:11Z,59057,1595,762,PT2H3M8S,7388,22
-0ZGBD3IHKE,Imponderabilia,"Jan Mencwel mówi co się stanie, jeśli wytniemy wszystkie drzewa i zalejemy miasta betonem.",2021-04-28T16:00:14Z,37738,1098,139,PT1H32M51S,5571,22
d_HJJXcECMQ,Imponderabilia,RAU PERFORMANCE: przeżyć meltdown i być jak Makłowicz,2021-04-25T17:00:12Z,108440,2793,182,PT1H51M20S,6680,22
ICRZHDNlJdA,Imponderabilia,"Iga Czubak opowiada jak stworzyła kurczaka, który jest wegański, ale go nie odróżnisz od mięsnego",2021-04-14T16:00:16Z,49073,1278,366,PT1H21M56S,4916,22
DSinHt3COp0,Imponderabilia,Czy warto kupić samochód elektryczny?,2021-04-11T17:00:12Z,47692,803,344,PT2H19M58S,8398,2
9iKMxIqKgNI,Imponderabilia,"Jakub Ćwiek: czy trzeba być przestępcą, by napisać świetny kryminał?",2021-04-07T16:00:15Z,54068,1272,176,PT2H2M52S,7372,22
KF_GgL3tpWI,Imponderabilia,Terlikowski: cnoty i grzechy kościoła.,2021-03-31T16:00:16Z,558577,8142,1503,PT2H20M2S,8402,22
P3PLKybGrl4,Imponderabilia,Kasia Mecinski: czego nigdy nie mówić kobiecie?,2021-03-28T16:00:14Z,77348,2759,448,PT1H38M55S,5935,22
g6PUUo_UHKc,Imponderabilia,"Dmitry Glukhovsky: od Putina i Nawalnego, aż po Finchera i Sapkowskiego",2021-03-24T17:00:15Z,47658,1483,141,PT50M18S,3018,22
clIzz243LzQ,Imponderabilia,Tomasz Raczek opowiada najciekawsze historie o kinie i teatrze,2021-03-21T17:00:15Z,313188,5276,400,PT2H8M34S,7714,22
7ux9gKUB0Wg,Imponderabilia,"Od gier na telefon, po pierwszego polskiego [komercyjnego] satelitę w kosmosie. Damian Fijałkowski",2021-03-17T17:00:17Z,32527,720,78,PT2H23M4S,8584,22
FC6TNMT-_Wc,Imponderabilia,"Kasia Babis: od polskiej fantastyki, do życia wiecznego.",2021-03-14T18:00:15Z,213779,6097,956,PT2H28M25S,8905,22
MCqmIqvevDg,Imponderabilia,"Arkadiusz Jakubik opowiada historię, po której uwierzysz, że dobro powraca.",2021-03-11T17:00:15Z,650400,11098,789,PT2H29M22S,8962,22
VvhVL2jOdro,Imponderabilia,"Wojciech Engelking: Patointeligencja rodem z PRL, wielka miłość i Warszawa pełna szpiegów.",2021-03-09T16:00:14Z,60498,915,97,PT2H14M26S,8066,22
HndAz0gqDFU,Imponderabilia,Robert Makłowicz: nie tylko koperek,2021-03-07T16:06:33Z,1719318,34345,2644,PT2H3M35S,7415,22
FY4nNNzkoU0,Imponderabilia,"Katarzyna Miller jak nikt opowiada o życiu, miłości i związkach.",2021-03-03T17:00:15Z,783472,14167,880,PT2H15M2S,8102,22
_Hi_qdjh7I0,Imponderabilia,Jankes o tym jak ratował ofiarę wypadku i prawie został dawcą!,2021-02-25T16:00:16Z,57292,1454,126,PT1H7M31S,4051,22
Su_vpAeeu-I,Imponderabilia,Dawid Myśliwiec nikogo nie masakruje. Tym razem rozmawiamy na serio.,2021-02-21T16:00:12Z,125970,5399,436,PT2H37M39S,9459,22
8W3VkA1RLRw,Imponderabilia,"Mateusz Kusznierewicz szczerze o sukcesach i porażkach w żeglarstwie, oraz biznesie.",2021-02-18T16:00:16Z,31544,767,69,PT1H20M35S,4835,22
lOcRaDBLcZk,Imponderabilia,"Wszystkie twarze Margaret: od ciągłych imprez, po życie w lesie",2021-02-14T16:00:17Z,164807,3726,353,PT1H4M20S,3860,10
ybLx0kRNmKc,Imponderabilia,Jacek Żakowski: W TVP już nie ma dziennikarzy.,2021-02-11T17:00:14Z,165078,4736,925,PT1H41M5S,6065,25
M86aqxlcZMA,Imponderabilia,Kwiat Jabłoni udziela jedynego tak szczerego wywiadu i gra mini koncert!,2021-02-07T16:00:11Z,514306,14812,741,PT1H59M25S,7165,10
O_HMD2nkwAw,Imponderabilia,"Małgorzata Halber: miłość, pieprzenie, feminizm.",2021-02-03T16:00:15Z,129598,3225,838,PT2H26M35S,8795,22
B0HI8mP6F_Y,Imponderabilia,Andrzej Duda go ułaskawił. Jan Śpiewak nadal walczy z politykami.,2021-01-30T16:00:10Z,283299,6791,1077,PT2H35M58S,9358,25
onymPx_YhPk,Imponderabilia,Andrzej Chyra opowiada o perwersjach w polityce i filmie.,2021-01-27T16:00:10Z,81155,1724,130,PT1H37M8S,5828,22
7feM0rr_6cA,Imponderabilia,"Przemek Kossakowski: ""Mogłem w każdej chwili zrezygnować""",2021-01-24T16:00:11Z,431396,9063,417,PT1H37M50S,5870,22
Y5APFo5BSEM,Imponderabilia,"Jeśli się kochać, to tylko w Brazylii! Hanna Zborowska-Neves",2021-01-19T16:00:10Z,36842,1334,123,PT44M39S,2679,22
Oc7i4P_WmUA,Imponderabilia,"Kto tak naprawdę rządzi światem, czyli teorie spiskowe w praktyce. Tomasz Stawiszyński",2021-01-17T15:00:11Z,496970,6415,1299,PT2H46M38S,9998,22
qpMftjnCMl8,Imponderabilia,Fotowoltaika: czy to się opłaca? Czego nam nie mówią? Kamil Sankowski,2021-01-14T15:09:37Z,47075,1173,307,PT1H10M47S,4247,22
1s324rSwGPE,Imponderabilia,"Od strajku kobiet, przez dietę i terapię aż po koronawirusa. 2020 z Red Lipstick Monster!",2021-01-10T15:00:09Z,220210,4307,570,PT2H32M12S,9132,22
QgASfmjsTPo,Imponderabilia,Martin Stankiewicz się skończył.,2021-01-01T15:00:09Z,150947,3968,220,PT2H21M59S,8519,22
49nfJSg7sfg,Imponderabilia,Życie po odejściu z Kościoła. Jola Szymańska,2020-12-27T15:00:10Z,917577,17968,4168,PT2H38M33S,9513,22
czAxfnrlUWU,Imponderabilia,"Gdziebądź: Kiedyś Jakuck, w tym roku Cypr i Islandia - jak podróżować podczas pandemii?",2020-12-21T15:35:44Z,121179,2797,286,PT2H21M52S,8512,22
AeiQTMCo7HA,Imponderabilia,Czy naukowiec może wierzyć w Boga? Neil deGrasse Tyson,2020-12-20T09:00:11Z,211850,12480,940,PT58M13S,3493,27
W6JtNJC1d1Y,Imponderabilia,Czesław Mozil szczerze o zarobionych i wydanych pieniądzach,2020-12-17T15:43:56Z,85530,2342,146,PT1H34M12S,5652,22
SqjPI--siXw,Imponderabilia,"Od CoD: Warzone po Fortnite - Leh szczerze o turniejach, cheaterach i pieniądzach w gamingu.",2020-12-10T15:51:01Z,38274,2298,193,PT1H7M37S,4057,20
90MkoL3DqG0,Imponderabilia,"Najmłodszy Mistrz Polski w rajdach - Miko Marczyk: To początek, chcę zdobywać tytuły za granicą.",2020-12-08T18:18:56Z,23897,806,64,PT1H18M3S,4683,22
Flyz6t58ekM,Imponderabilia,"Kurasiński: Byliśmy milionerami za kasę z UE, choć tak naprawdę byliśmy śmieszni.",2020-12-04T14:04:03Z,65288,1396,184,PT2H33M51S,9231,22
pE-7Q23xTh0,Imponderabilia,"Anita Werner o pracy w Faktach, dociskaniu polityków i piłce nożnej, która zmienia świat",2020-12-02T16:37:04Z,72534,1792,175,PT1H19M1S,4741,25
6HfQqYC9yp8,Imponderabilia,"Paweł Domagała o sukcesie “Weź nie pytaj”: doceniłem to po czasie. Teraz czas na “Wracaj""",2020-11-29T15:48:37Z,34454,1428,86,PT1H4M24S,3864,10
dNUI2lV4RSQ,Imponderabilia,"Kto stoi za Strajkiem Kobiet, co dalej z protestami, czy dymisja rządu jest możliwa? Nadia Oleszczuk",2020-11-26T15:20:23Z,100921,2701,1989,PT1H29M57S,5397,22
MwVnYLWSEqI,Imponderabilia,"Michał Piróg mówi co zrobić, żebyśmy nie zginęli pod plastikiem. O ekologii i depozycie dla natury.",2020-11-18T15:58:59Z,90911,3053,618,PT1H24M48S,5088,22
dOOSbJkW8VM,Imponderabilia,"Chmielarz opowiada o protestach Strajku Kobiet, swojej drodze jako pisarza i  najnowszej książce.",2020-11-12T15:06:01Z,55407,1324,137,PT1H27M26S,5246,22
--Jn_OZWQls,Imponderabilia,"Czy tworzenie gier, to praca marzeń? Patryk Polewiak opowiada o swojej książce.",2020-11-05T15:53:44Z,85631,2874,203,PT1H21M12S,4872,22
eOQa2aWDzlI,Imponderabilia,Mózg rozje*any. Co wie o nas Facebook i jak się zabezpieczyć? Chris Wylie o Cambridge Analytica.,2020-11-02T15:32:20Z,105156,3277,298,PT1H5M23S,3923,22
PbaI3n0OhK0,Imponderabilia,STRAJK KOBIET,2020-10-28T16:01:57Z,211902,17844,1597,PT25M22S,1522,25
iOJltKTHyiM,Imponderabilia,Krzysztof Zalewski: rock'n'roll nie pozwala milczeć w sprawach najważniejszych.,2020-10-25T15:31:54Z,155026,4052,416,PT1H8M14S,4094,22
MzOrAq0OH34,Imponderabilia,"Maleńczuk: zawsze mówiłem, że Polacy są  ̶f̶a̶s̶z̶y̶s̶t̶a̶m̶i̶.",2020-10-22T14:22:41Z,411809,9328,1987,PT1H3M45S,3825,22
YCD_GpQaFNg,Imponderabilia,"Pokazał protesty w Białorusi od środka. Kuba Górnicki o Białorusi, COVID-19 i dziadostwie TVP",2020-10-18T16:35:54Z,67458,1891,159,PT2H14M37S,8077,22
zecqXQpJSTs,Imponderabilia,Ćwiczenia online podczas pandemii. Sposób na formę w trakcie lockdownu według Bartka Nowaka.,2020-10-15T15:07:21Z,24758,646,52,PT51M38S,3098,22
JWMxO61MBDo,Imponderabilia,"Natalia Kukulska i jej czułe struny. Pokochać Chopina, Colliera i Culluma.",2020-10-13T16:49:52Z,108030,3635,222,PT1H25M2S,5102,10
KWLnvQ80eFg,Imponderabilia,"Holland o: koronawirusie, który niszczy kino, Szarlatanie, #MeToo i Romanie Polańskim",2020-10-07T14:45:00Z,86731,2579,377,PT1H8M15S,4095,22
6dDRVWljg3I,Imponderabilia,Mishon szczerze opowiada o życiu prywatnym i swojej karierze.,2020-10-04T15:00:01Z,91575,3698,262,PT1H53M8S,6788,22
H5inXzPnQ_s,Imponderabilia,"Jak stworzyć biznes, który przetrwa 100 lat i pozostanie liderem? Historia i nowoczesność Wedla.",2020-10-01T13:58:17Z,68291,986,112,PT1H34M46S,5686,22
_Ju0j21x4v8,Imponderabilia,Jak zmienić swoje życie intymne na lepsze? Marta Niedźwiecka o tym jak być głośnym w łóżku.,2020-09-27T14:55:39Z,581430,11717,730,PT1H35M17S,5717,27
ohSuz_pEJVA,Imponderabilia,"Paweł Wilczak szczerze o tym co go wkurza, co mu dały reklamy i czy seriale mogą tłumaczyć świat?",2020-09-20T14:56:00Z,129208,3180,362,PT1H10M43S,4243,22
y6MMuRSyRYo,Imponderabilia,Pokazał jak wygląda pandemia w Polsce. Przeszedł COVID-19. Rozmawiał z Szumowskim - Paweł Kapusta,2020-09-10T15:02:59Z,173610,2356,437,PT1H15M48S,4548,22
cBMl65B61X8,Imponderabilia,Czy po tym filmie zjesz jeszcze mięso? Bartek Sabela opowiada o sytuacji zwierząt w Polsce.,2020-09-09T14:54:13Z,145542,4489,952,PT2H10M24S,7824,22
HHbx_sd36J0,Imponderabilia,Zuzanna Rudzińska-Bluszcz - czy zastąpi Bodnara i będzie nową Rzeczniczką Praw Obywatelskich?,2020-09-07T15:00:03Z,37839,1786,130,PT1H13M40S,4420,25
_CpbZBCtHLQ,Imponderabilia,"Beata Kozidrak szczerze i bez ciśnień o: #hot16challenge2, romansie z rapem, oraz Lech Music",2020-08-26T15:19:49Z,146074,4445,384,PT45M26S,2726,10
t-OuEYqFgN0,Imponderabilia,Zarabiaj pieniądze sprzątając świat! Biznes Przemka Pyziela z Planet Heroes.,2020-08-25T16:15:34Z,35347,1308,109,PT55M35S,3335,27
rD22OJ-EQdU,Imponderabilia,Ile zarobiłem? Czy żałuję rozmowy z Dudą? Która była najlepsza? 2 urodziny Imponderabilia!,2020-08-16T15:51:01Z,289431,13186,823,PT39M48S,2388,22
G0cnUae-nfc,Imponderabilia,Miłoszewski: Chcę dwóch rzeczy: żeby moje dzieci były zdrowe i żeby PiS przegrał wybory.,2020-08-10T16:27:34Z,105345,2626,369,PT1H54M35S,6875,22
1Tc3v6SrfPU,Imponderabilia,"Popek szczerze o: Stiflerze, Fame MMA 7, dragach, Gangu Albanii i swojej przyszłości",2020-08-02T18:45:11Z,471292,11404,910,PT57M53S,3473,22
9fLAL8wcNWI,Imponderabilia,"Magda Mołek szczerze o odejściu z TVN. W swoim stylu opowiada o wieku, karierze i seksie.",2020-07-28T16:59:32Z,812023,13086,1083,PT1H45M37S,6337,22
Cm_q4FNm2aY,Imponderabilia,Jak osiągnąć dobre życie?,2020-07-24T14:39:24Z,73512,1586,133,PT1H38M27S,5907,27
mZ3uMQoeqnw,Imponderabilia,Kto i dlaczego zabija ludzi w Afryce? Albinizm i czary w Tanzanii.,2020-07-19T16:26:23Z,80915,2368,83,PT1H9M42S,4182,27
Izxj72bg4A4,Imponderabilia,"Andrzej Duda o: LGBT, TVP, koronawirusie, głosach po Bosaku i o szansach w starciu z Trzaskowskim",2020-07-09T15:12:23Z,1435044,41981,9413,PT1H16M49S,4609,25
k_nPpFbzy1g,Imponderabilia,Polska ma świetnych inżynierów. Sławek Potasz - jak rozkręcić biznes przed trzydziestką.,2020-07-07T13:48:31Z,63426,1998,176,PT48M21S,2901,22
LEUGpoCXugw,Imponderabilia,"Sokół. Jakie błędy popełnił, kim chciał zostać za młodu i jak patrzy na swoją przeszłość.",2020-07-04T13:56:22Z,340436,6477,400,PT1H3M52S,3832,22
Dd6qpa37lc4,Imponderabilia,Kto wygra wybory prezydenckie? Podsumowanie po wywiadach z kandydatami. Czy Andrzej Duda przyjdzie?,2020-06-25T16:10:40Z,367768,17263,1882,PT49M53S,2993,25
WkL3qxpQG4s,Imponderabilia,"Artur Rojek o Myslovitz, płycie Kundel i przyszłości OFF Festivalu",2020-06-10T14:54:34Z,41498,1148,77,PT1H50S,3650,10
0RC3hx6dSF0,Imponderabilia,"Rafał Trzaskowski szczerze o Andrzeju Dudzie i kontrkandydatach, oraz swojej szansie w wyborach.",2020-06-04T06:00:12Z,698640,19108,2561,PT1H24S,3624,25
SqIbCJU2l2c,Imponderabilia,"Rasmentalism: Jezus jest naszym wzorem, bo założył pierwszą komunę.",2020-05-31T13:32:19Z,26508,751,56,PT1H9M2S,4142,22
WzwfDysNSak,Imponderabilia,"Hołdys o: Kaziku w Trójce, cenzurze w PRL i czemu nigdy nie nazwał Andrzeja Dudy prezydentem.",2020-05-20T15:59:18Z,129039,3373,512,PT1H59M47S,7187,22
HsP7eK0yWeo,Imponderabilia,"Vito Bambino mówi, że #hot16challenge2 to nie szopka, Bitamina będzie grać, a bunkrów nadal nie ma.",2020-05-14T13:47:15Z,96440,3012,148,PT1H7M42S,4062,22
kJpDcDkIZ6E,Imponderabilia,Karol Paciorek #Hot16challenge2,2020-05-12T18:22:00Z,249883,18349,644,PT2M26S,146,10
twL9B9qUpqw,Imponderabilia,"Robert Biedroń: wybory korespondencyjne, co z mandatem do PE, prawo aborcyjne | Imponderabilia #103",2020-04-30T14:29:06Z,216520,6997,1290,PT1H5M30S,3930,22
5SovWhoIr8A,Imponderabilia,"Władysław Kosiniak-Kamysz odpowiada na pytania: koronawirus, wybory, susza | Imponderabilia #102",2020-04-27T15:02:26Z,180891,5461,657,PT1H11M24S,4284,22
rPEIwCrlVcg,Imponderabilia,Koronawirus kontra nasza psychika. Cveta Dimitrova i Tomasz Stawiszyński | Imponderabilia #101,2020-04-16T18:24:54Z,35487,701,72,PT2H8M50S,7730,22
0Qh0rdE-tbI,Imponderabilia,"Co Łona, czyli raper inteligencki myśli o Patointeligencji? Śpiewnik Domowy EP | Imponderabilia #100",2020-04-09T14:34:00Z,309681,10268,727,PT56M41S,3401,22
QQovOC5uTak,Imponderabilia,Ile będzie trwał kryzys gospodarczy? Czy może ominąć Polskę? Dr Wojciech Paczos | Imponderabilia #99,2020-04-04T16:03:37Z,123853,3309,432,PT1H31M54S,5514,22
_40j-HdyOYU,Imponderabilia,"Na co przeznaczy milion dolarów, gdy zostanie nauczycielem roku? Przemek Staroń | Imponderabilia #98",2020-03-31T18:27:54Z,46789,1344,222,PT2H40M37S,9637,22
iYeEpCj3IAQ,Imponderabilia,Jak poprawić swoją odporność? Dr Magdalena Kulma | Imponderabilia #97,2020-03-25T18:12:46Z,21833,679,64,PT1H10M11S,4211,22
UvRrHkWO6Og,Imponderabilia,Koronawirus: kiedy lek albo szczepionka? Ile trwa pandemia? Dr Rafał Mostowy | Imponderabilia #96,2020-03-22T19:05:38Z,75555,2406,182,PT1H2M46S,3766,22
b2qDLpUgfZ0,Imponderabilia,"Piotr Cyrwus o życiu po ""Klanie"" i roli księdza ""W lesie dziś nie zaśnie nikt"" | Imponderabilia #95",2020-03-20T18:46:53Z,77484,1713,141,PT1H9M12S,4152,22
cLQSs4YjfgQ,Imponderabilia,"Szymon Hołownia odpowiada na pytania: koronawirus, wiara, aborcja, ekologia | Imponderabilia #94",2020-03-12T14:58:43Z,535484,15014,1657,PT1H14M17S,4457,22
S0L5w96qClg,Imponderabilia,"Hejter, koronawirus i tajemnice imprez po Oscarach. Jan Komasa | Imponderabilia #93",2020-03-08T14:40:15Z,116103,2939,185,PT1H28M56S,5336,22
nvvjcNUkvKY,Imponderabilia,"Krzysztof Bosak odpowiada na pytania: LGBT, szczepionki, kościół, wartości | Imponderabilia #92",2020-03-05T15:48:40Z,990544,31484,5055,PT1H8M51S,4131,22
dVTYZ6bwiak,Imponderabilia,Jakie tajemnice zna doradca ubezpieczeniowy? Opowiada Tomasz Lasowski | Imponderabilia #91,2020-03-02T14:59:00Z,27220,303,154,PT1H10M23S,4223,22
egAur5FWdqM,Imponderabilia,Kim jest Remigiusz Mróz i czego nie pisze w swoich książkach? | Imponderabilia #90,2020-02-27T16:21:07Z,209735,4826,237,PT1H4M57S,3897,22
hnYvsnFLww8,Imponderabilia,"Fajnie będzie, jeśli połączymy fanów Comy i The Dumplings. Karaś/Rogucki | Imponderabilia #89",2020-02-20T15:14:34Z,70403,1648,122,PT55M30S,3330,22
fv08eglIaYU,Imponderabilia,"Locke And Key: Darby Stanchfield, Connor Jessup, Meredith Averill, Carlton Cuse Imponderabilia Bonus",2020-02-15T15:05:01Z,13532,510,36,PT8M1S,481,22
Hl7UpzIiuRw,Imponderabilia,"Vega: Żałuję, że zrobiłem ""Politykę"". Sprzedaję Lambo i będę ascetą jak Jobs. | Imponderabilia #88",2020-02-11T15:30:37Z,445060,7456,825,PT1H4M24S,3864,22
XSUSKvDXFiw,Imponderabilia,Komentujemy Oscary 2020: Kto wygra? Dlaczego mają znaczenie? Michał Oleszczyk | Imponderabilia #87,2020-02-06T17:54:54Z,49419,1400,166,PT1H40M14S,6014,22
FPLm8gFX8ho,Imponderabilia,Jak pokochać jazz? Tłumaczy Maciej Obara | Imponderabilia #86,2020-01-30T15:55:55Z,25435,828,81,PT1H28M41S,5321,22
ii0fypTHzCw,Imponderabilia,"Cezary Pazura opowiada najlepsze anegdoty z planu filmu ""Psy 3"" i nie tylko | Imponderabilia #85",2020-01-23T17:04:46Z,554840,11529,652,PT1H3M45S,3825,22
aSnSYZxzSdo,Imponderabilia,Kosmiczne energie i młodość Ralpha Kaminskiego | Imponderabilia #84,2020-01-16T17:56:40Z,415872,9683,469,PT1H3M55S,3835,22
RJKhxjyoN90,Imponderabilia,"Człowiek, który zagrał papieża i bigamistę - Piotr Adamczyk w Mayday | Imponderabilia #83",2020-01-09T15:53:54Z,163382,3713,212,PT1H30M15S,5415,22
-mvZ2xpx54s,Imponderabilia,Koniec z YouTube! G.F. Darwin szczerze o swojej przeszłości i przyszłości | Imponderabilia #80,2019-12-19T15:00:04Z,388328,8401,374,PT2H14M3S,8043,22
FBvl9JVjSQE,Imponderabilia,Jak stworzyć restaurację odpowiedzialną klimatycznie? Kaj Török z Max Burgers | Imponderabilia #79,2019-12-12T16:46:42Z,25277,803,95,PT52M38S,3158,22
BpGORtkGQvs,Imponderabilia,"Katarzyna Bonda musiała się zakochać, żeby mogła dokończyć książkę | Imponderabilia #78",2019-12-05T17:08:59Z,167980,3416,245,PT1H21M9S,4869,27
hVyn_RxxnR0,Imponderabilia,Ukraiński dowódca uratował nam życie. Piotr Andrusieczko o wojnie na Ukrainie | Imponderabilia #77,2019-12-01T16:02:36Z,25256,746,46,PT1H45M4S,6304,22
Dzrt31L8neE,Imponderabilia,Mam ciarki oglądając każdy odcinek pierwszego sezonu Wiedźmina - Tomek Bagiński | Imponderabilia #76,2019-11-28T16:07:27Z,128349,3824,277,PT33M57S,2037,22
_9KyWcnleaA,Imponderabilia,Natalia Przybysz: Czy zmawiamy paciorek na początku? Rozmowa nie tylko o muzyce | Imponderabilia #75,2019-11-25T17:29:02Z,63874,1383,135,PT52M28S,3148,22
fU0v8p1y66A,Imponderabilia,Marcin Prokop: jedyny tak SZCZERY wywiad | Imponderabilia #74,2019-11-21T17:19:40Z,922544,11645,619,PT2H15M43S,8143,22
-BIuVNYXukI,Imponderabilia,"Jacek Trela opowiada o najczęstszych problemach, z którymi idziemy do adwokata | Imponderabilia #73",2019-11-15T15:20:01Z,29712,951,67,PT1H24M39S,5079,22
eZ6-tTKwMy0,Imponderabilia,"Hades: do dziś nie wierzę, że mogłem współpracować z O.S.T.R   | Imponderabilia #72",2019-11-13T16:00:07Z,45109,914,110,PT1H2M13S,3733,22
4BChWSV-SNA,Imponderabilia,"Marcin Sońta: człowiek, który swoim głosem codziennie budzi 3 miliony Polaków | Imponderabilia #71",2019-11-07T16:58:43Z,41710,1200,126,PT1H27M47S,5267,22
Ep6wYeJExj0,Imponderabilia,"Bisz/Radex: połowa świata jest w kryzysie, drugiej nigdy nie żyło się lepiej | Imponderabilia #70",2019-10-31T15:00:00Z,22392,705,144,PT1H17M7S,4627,22
mCpn8u_W5YE,Imponderabilia,Konstancja Zyzik: Jak znaleźć pracę marzeń? | Imponderabilia #69,2019-10-24T14:59:36Z,40454,724,97,PT1H36M21S,5781,22
nYRLC8Ak6XI,Imponderabilia,Miętha: można znaleźć miejsce dla siebie pośród mainstreamu | Imponderabilia #68,2019-10-17T15:09:12Z,19417,562,68,PT1H59S,3659,22
05RIdeg4ltc,Imponderabilia,"Kamil Sipowicz: Kora, Maanam, psychodeliki i Must Be The Music | Imponderabilia #67",2019-10-14T06:31:25Z,40279,1007,81,PT48M48S,2928,22
U7L1StHIzVk,Imponderabilia,Mery Spolsky nie jest bigotką: Kayah nie każe mi pisać samych hitów! | Imponderabilia #66,2019-10-10T15:03:58Z,179009,3917,220,PT1H25M23S,5123,22
OFklvlrjAps,Imponderabilia,Bartosz Gelner opowiada czemu myślał pod prysznicem o roli u Patryka Vegi | Imponderabilia #65,2019-10-06T14:56:27Z,71526,1571,115,PT1H48M34S,6514,22
iEdwIpM4nCw,Imponderabilia,Michał Zieliński opowiada jak wygląda wojna i dlaczego jest zawsze przegrana | Imponderabilia #64,2019-10-03T13:59:04Z,32703,690,42,PT2H3M59S,7439,22
lYcmg19cLds,Imponderabilia,Piotr Sokoliński zdradza sekrety handlarzy samochodów | Imponderabilia #63,2019-09-26T15:00:06Z,57528,1245,118,PT1H54M34S,6874,22
5luohfbRGgo,Imponderabilia,"Miuosh o swojej książce, sukcesie, rapie i czemu nie przeprowadzi się do WWA  | Imponderabilia #62",2019-09-19T14:35:43Z,54177,1264,138,PT1H24M13S,5053,22
Fyg18e8_DEU,Imponderabilia,"Tomasz Kot opowiada o Hollywood, roli jako Tesla i filmie (Nie)znajomi | Imponderabilia #61",2019-09-13T14:38:16Z,497981,10872,473,PT1H46M59S,6419,22
DcIxul1X-i4,Imponderabilia,Adam Bodnar: Będziemy żyli w normalnym państwie | Imponderabilia #60,2019-09-08T06:00:00Z,49938,1395,136,PT1H58M47S,7127,22
IXbxUCZUmgo,Imponderabilia,"Wojciech Wilk: Co, jeśli do Polski przyjedzie 8 milionów uchodźców z Ukrainy? | Imponderabilia #58",2019-08-25T06:59:56Z,46433,1007,65,PT1H53M55S,6835,22
J2CL8xNBjRg,Imponderabilia,"Filip Springer: katastrofa klimatyczna to fakt, przestałem latać samolotami | Imponderabilia #56",2019-08-06T15:00:04Z,68074,1852,166,PT1H22M7S,4927,22
SxoVwlYLX0s,Imponderabilia,Jurek Owsiak: Pol'and'rock wraca i jest piękniejszy niż Woodstock | Imponderabilia #55,2019-07-30T15:00:04Z,88297,3438,252,PT1H9M58S,4198,22
Ipwn653YYnw,Imponderabilia,"Lil Masti szczerze o Fame MMA, zmianie wizerunku i swojej przeszłości | Imponderabilia #54",2019-07-24T14:58:12Z,302953,7836,985,PT2H3M25S,7405,22
QxEXkoUMdaw,Imponderabilia,"""Magia"" MDMA bardzo szybko znika, psychodeliki są mniej szkodliwe - Mestosław | Imponderabilia #53",2019-07-19T06:57:41Z,225023,6840,939,PT2H43M44S,9824,27
V6ag3eW9IWA,Imponderabilia,"Raperzy nie mają dystansu do siebie, bo wkładają w muzykę całe serce - Yurkosky | Imponderabilia #52",2019-07-02T14:57:28Z,58500,1447,154,PT2H2M45S,7365,22
hS8WAayaUow,Imponderabilia,Sprawdzam czy jestem ŚWIETNYM KIEROWCĄ + rozmowa z Filipem Kaczanowskim | Imponderabilia #50,2019-06-18T15:00:43Z,23364,590,42,PT57M53S,3473,22
oGWF35s35Dc,Imponderabilia,Moja następna restauracja pewnie będzie WEGAŃSKA - Karol Okrasa | Imponderabilia #49,2019-06-10T14:01:36Z,183082,3767,229,PT1H8M30S,4110,22
JgNy8zQxc2c,Imponderabilia,Wstęp na imprezy ze mną jest tylko bez telefonu! - Dawid Kwiatkowski | Imponderabilia #48,2019-06-05T15:57:47Z,150973,5566,296,PT1H28M38S,5318,22
RFumtH54YaU,Imponderabilia,Współpraca z Anją Rubik to przyjemność - Mary Komasa | Imponderabilia #47,2019-05-29T15:58:49Z,31900,723,84,PT1H8M29S,4109,22
YG8oRjFDkpQ,Imponderabilia,"Wszystko, co w życiu robiłem to nie była kalkulacja - Piotr Rogucki - Coma | Imponderabilia #45",2019-05-14T14:59:58Z,138880,3090,375,PT1H14M54S,4494,22
FWNKjWKha30,Imponderabilia,Rozmowa z górą - Rafał Fronia | Imponderabilia #43,2019-04-30T14:49:30Z,32736,881,61,PT1H16M40S,4600,22
CSn-2qL50dI,Imponderabilia,"""34 stopnie mrozu w Jakucku? Teraz to już jest ciepło"". Pioter Jurkowski GDZIE BĄDŹ",2019-04-16T15:01:20Z,209586,2487,343,PT2H28M7S,8887,22
m9Zy6lr9Ak8,Imponderabilia,"""Jeśli jesteś w czymś dobry to nie bój się o tym powiedzieć głośno"". Jarosław Królewski",2019-04-09T14:56:48Z,65850,1651,186,PT1H36M59S,5819,17
grjfuCyGJ-8,Imponderabilia,Samochód jak iPhone? - Łukasz Domański - Imponderabilia #39,2019-04-02T15:00:05Z,25546,396,57,PT1H24M9S,5049,2
0PpmhKAu8Yc,Imponderabilia,Jak radzić sobie w życiu? - Piotr Bucki - Imponderabilia #38,2019-03-26T16:00:00Z,114485,1403,126,PT2H20M54S,8454,22
H7XTEKPCkFI,Imponderabilia,"Karol Sadaj - jest różnica między ""jestem bogaty"" a ""jestem bogaty i robię ważne rzeczy""",2019-03-19T16:02:59Z,36053,701,45,PT1H36M32S,5792,22
kw1qrgHPvDo,Imponderabilia,Cveta Dimitrova - czym jest DEPRESJA i jak sobie z nią radzić?,2019-03-12T15:59:50Z,136206,2489,222,PT2H18M53S,8333,22
S5ZPNbKrCVk,Imponderabilia,Anna Dymna - Czego nas uczą osoby niepełnosprawne?,2019-03-05T16:00:03Z,94878,2436,229,PT1H51M45S,6705,22
YQCPM2M5Lew,Imponderabilia,ZIMNV - kariera po Must Be The Music i jak debiutować na polskim rynku muzycznym.,2019-03-01T15:51:33Z,21783,712,87,PT1H15M3S,4503,22
yEeJ8hMP0pc,Imponderabilia,"Mateusz Waligóra: pierwszy człowiek, który samotnie przeszedł pustynię Gobi.",2019-02-26T16:00:10Z,55791,1582,163,PT2H5M12S,7512,22
X-KlYFuHNPg,Imponderabilia,"Paweł Zych, piwowar: Piwo z puszki i z butelki smakuje dokładnie tak samo.",2019-02-19T15:55:39Z,27437,629,114,PT1H22M56S,4976,27
E_3DhmbumSA,Imponderabilia,"Łukasz Tomecki: ""OD GRANIA W CS'A DO PROFESJONALNEGO POKERA"" - Imponderabilia #31",2019-02-12T16:00:01Z,48188,1428,186,PT2H13M37S,8017,22
car8x-z0XfY,Imponderabilia,Kaja Kraska 'Globstory': Żeby polecieć na Islandię wzięłam kredyt - Imponderabilia #30,2019-02-05T16:00:05Z,313531,5100,1437,PT2H25M22S,8722,22
p7Rb0oaugTg,Imponderabilia,"Jakub Górnicki: ""Rolą dziennikarza jest dawanie kontekstu"" - Imponderabilia #29",2019-02-01T15:39:34Z,54739,665,125,PT2H34M16S,9256,22
1BvUZ0kDCQ0,Imponderabilia,"Jakub Koisz: ""Na siłowni osiągam stan zen"" - IMPONDERABILIA #28",2019-01-29T16:00:00Z,47643,644,106,PT2H20M22S,8422,22
QblaFr_V15A,Imponderabilia,Maciek Budzich - Czego o WOŚP i Owsiaku nie wiedzą hejterzy?,2019-01-22T16:00:04Z,79809,1863,394,PT2H29M36S,8976,22
X1cxFnQBP0E,Imponderabilia,"Ilona Łepkowska - kobieta, która wymyśliła najpopularniejsze seriale w Polsce.",2019-01-15T16:00:07Z,102526,2229,598,PT2H4M10S,7450,22
YBfF4HOAX-o,Imponderabilia,"Mamed Khalidov szczerze o ZAKOŃCZENIU KARIERY i filmie ""Underdog"".",2019-01-08T16:00:01Z,82606,2173,188,PT52M23S,3143,22
ogq4Cy7F9BQ,Imponderabilia,"Dawid Myśliwiec MASAKRUJE pseudonaukowców. Przeszczep kału, modyfikacje genetyczne i bomba atomowa.",2018-12-18T16:00:03Z,704878,12944,1487,PT2H17M54S,8274,22
i4QDWnqU3e4,Imponderabilia,"Czesław Mozil szczerze mówi dlaczego ma wywalone na media, o nowej płycie i imprezowej przeszłości.",2018-12-11T16:00:03Z,75490,2114,144,PT1H24M47S,5087,22
_Dc1AC09zpQ,Imponderabilia,Adam Bartkiewicz - HACKOWANIE MÓZGU 🧠 Jak uczyć się efektywnie? 📖 Jak podnieść swoje zdolności?,2018-12-04T16:00:07Z,60793,1113,170,PT1H58M10S,7090,22
fOrzwhXBvqk,Imponderabilia,ABRADAB BEZ ŚCIEMY wspomina Kaliber 44 🎼NOWA płyta 📀 co sądzi o młodych RAPERACH? 👍👎,2018-11-30T16:00:03Z,78491,2007,192,PT1H29S,3629,22
6Kdfe7ljGi4,Imponderabilia,"Robert Biedroń o tym dlaczego młodzi nie chcą polityki, swojej nowej książce i paleniu zioła",2018-11-27T16:28:51Z,117583,5184,568,PT24M29S,1469,22
Zmrv2rSv_jE,Imponderabilia,"Kasia Mecinski o pracy z Gonciarzem, Polonii w USA i młodości w Polsce",2018-11-20T16:00:03Z,564421,8745,1405,PT2H43S,7243,22
SQ1UOP2h2pU,Imponderabilia,"Tomasz Raczek - kinoterapia, Smarzowski, Męki Tantala i film, który je kończy",2018-11-16T16:00:02Z,85346,1903,174,PT1H31M43S,5503,22
jD8c1DyODSU,Imponderabilia,"Tomasz Kammel: jak poprawić swój wizerunek, błędy w komunikacji, jak być charyzmatycznym?",2018-11-13T16:00:05Z,351490,5023,958,PT2H8M45S,7725,27
AgajBH0Nvh8,Imponderabilia,"Radek Kotarski: jedyny TAK SZCZERY wywiad. Pieniądze, książki i Polimaty",2018-11-06T15:51:07Z,929003,13739,1973,PT2H17M,8220,22
M_GM8Dr1MGM,Imponderabilia,"The Dumplings najdłuższa rozmowa - dyskretnie o RAJu, koncertach i tworzeniu muzyki",2018-10-30T16:00:04Z,105246,2811,620,PT1H21M46S,4906,22
9FQkwT5gyO8,Imponderabilia,"Michał Żebrowski szczerze o Wiedźminie, polskim teatrze i karierze na YouTube.",2018-10-23T14:47:22Z,418612,9869,1392,PT1H21M45S,4905,22
Tryjx724oVg,Imponderabilia,Doktor Ania - co powinniśmy zmienić w swojej diecie?,2018-10-16T15:00:07Z,276230,4422,427,PT2H2M,7320,22
I8qPxl5GteY,Imponderabilia,Michał Szafrański - jak zarobił 7 milionów z bloga?,2018-10-09T14:49:51Z,230418,2210,209,PT2H4M4S,7444,22
fRcBlfgMnVw,Imponderabilia,Suchar Codzienny - z czego nie można się śmiać? Co to jest suchar? Kariera na Instagramie.,2018-10-05T14:55:35Z,55627,1187,90,PT1H31M36S,5496,22
UV_2s4fRk98,Imponderabilia,Przemek Staroń - jeden z najlepszych nauczycieli w kraju.,2018-10-02T14:52:37Z,107620,3071,649,PT1H59M31S,7171,27
8Pk4XdNpJcM,Imponderabilia,"Krzysztof Gonciarz o swojej przyszłości, Japonii i stosunku do widzów.",2018-09-25T15:00:00Z,1740305,13212,1786,PT2H11M32S,7892,27
J53jkx89HsY,Imponderabilia,"Maciej Orłoś szczerze o TVP, karierze na YouTube i księżach, którzy nie potrafią przemawiać.",2018-09-21T15:00:03Z,180558,3997,234,PT1H30M49S,5449,27
Mc-LIxG78b4,Imponderabilia,"Kasia GANDOR - YouTube, modeling, nauka i pseudonauka",2018-09-18T15:00:03Z,252564,6897,2140,PT1H33M16S,5596,22
95gjr2344JA,Imponderabilia,ACTA 2 to nie KONIEC internetu - Alek Tarkowski,2018-09-11T15:00:00Z,43530,1223,156,PT1H43M34S,6214,22
vVwAff6BR_k,Imponderabilia,Czego nie wiesz o narkotykach?,2018-09-04T15:00:07Z,180347,4835,226,PT1H48M47S,6527,27
mqrm3yvWaEo,Imponderabilia,Katarzyna Szymielewicz - jesteśmy non-stop PODSŁUCHIWANI i PODGLĄDANI. Jak tego uniknąć?,2018-08-28T14:45:00Z,136067,2904,239,PT1H50M53S,6653,22
WNthca-34CA,Imponderabilia,Dlaczego Polacy nie potrafią się dogadać?,2018-08-23T15:00:03Z,10898,410,21,PT6M10S,370,22
75EXrqRuN8Q,Imponderabilia,"Tomasz Stawiszyński - czym jest KARMA? Ziemia jest płaska, ale kim jest Jordan Peterson?",2018-08-21T14:30:01Z,90928,2276,220,PT1H51M16S,6676,22
PGJCZYgrkSA,Imponderabilia,Gimper chce pobić Wojewódzkiego!,2018-08-16T14:30:00Z,64284,2027,120,PT3M35S,215,22
PrmnFZNEqCg,Imponderabilia,"GIMPER szczerze o: YouTube, przeszłości i Lekko Nie Będzie",2018-08-14T16:00:02Z,488057,12496,2627,PT1H47M57S,6477,22
u0ai1IOtI4g,Imponderabilia,Woodstock się skończył. Na Pol'and'rock jeden gość odnalazł prawdziwe szczęście.,2018-08-07T15:44:38Z,48570,1540,77,PT3M46S,226,22
cQABjpvjm_Y,Imponderabilia,Co najbardziej blokuje KREATYWNOŚĆ?,2018-07-11T15:30:01Z,29617,1857,112,PT7M42S,462,27
1szGdzU11tc,Imponderabilia,"Siadaj, pała. Czyli Karol Paciorek wykłada na uczelni wyższej",2018-06-25T17:00:00Z,51350,2561,72,PT7M32S,452,22
bHu-_ZD29Yc,Imponderabilia,Taco Hemingway - Dlaczego warto być NOSTALGICZNYM?,2018-04-27T16:30:00Z,198487,10744,352,PT9M19S,559,27
E5GnbLFxBO8,Imponderabilia,Mój problem z NETFLIXEM,2018-03-15T18:00:01Z,120856,4698,260,PT10M32S,632,27
